ticker,group,hold_terminal,hold_maxdd,BRAKE_ratio,BRAKE_maxdd,BRAKE_pct_collared,COLLAR_ratio,COLLAR_maxdd,COLLAR_pct_collared
NVDA,stock,44.868,-65.9,0.872,-43.8,0.0,0.633,-45.9,14.7
AMD,stock,31.377,-64.0,0.906,-48.3,0.0,0.798,-48.3,23.8
AVGO,stock,17.715,-40.0,0.945,-40.0,0.0,0.687,-40.0,10.4
ARM,stock,2.029,-39.2,1.0,-39.2,0.0,0.312,-51.1,40.3
MRVL,stock,8.232,-60.4,1.0,-60.4,0.0,0.58,-60.4,25.6
MU,stock,20.724,-54.0,0.722,-44.8,0.0,0.573,-47.6,33.2
TSM,stock,10.431,-55.2,0.884,-50.4,0.0,0.791,-36.8,19.8
ASML,stock,9.134,-55.8,0.349,-39.1,0.0,0.89,-33.8,25.4
AMAT,stock,12.951,-54.9,0.273,-43.0,0.0,0.917,-43.0,23.4
LRCX,stock,19.11,-56.4,0.862,-44.6,0.0,0.736,-44.6,22.8
KLAC,stock,19.493,-40.2,0.197,-28.2,0.0,0.843,-36.1,16.7
QCOM,stock,3.262,-43.6,1.166,-41.0,0.0,0.278,-51.8,39.3
SNPS,stock,3.756,-38.8,0.604,-46.0,0.0,0.766,-43.3,26.7
CDNS,stock,7.333,-30.1,0.589,-42.9,0.0,0.657,-33.2,14.7
CRDO,stock,24.538,-58.6,1.0,-58.6,0.0,0.514,-58.6,9.2
ALAB,stock,3.344,-54.1,1.0,-54.1,0.0,0.545,-54.1,11.1
MPWR,stock,9.966,-48.9,0.647,-40.9,0.0,0.796,-39.5,21.5
ON,stock,3.83,-67.9,0.874,-63.0,0.0,0.874,-56.7,37.6
INTC,stock,2.991,-69.6,1.066,-53.6,0.0,1.269,-51.9,46.4
COHR,stock,6.136,-70.4,0.422,-76.0,0.0,0.37,-62.5,47.8
LITE,stock,10.881,-66.1,0.621,-60.5,0.0,0.626,-54.2,38.2
CIEN,stock,14.683,-48.6,1.147,-44.6,0.0,0.78,-44.6,22.1
ANET,stock,8.579,-50.2,0.632,-50.2,0.0,0.645,-50.2,22.3
SMCI,stock,12.243,-83.7,0.02,-88.7,0.0,1.201,-75.7,22.9
DELL,stock,19.694,-54.8,0.473,-54.8,0.0,0.718,-42.0,30.0
HPE,stock,4.176,-51.8,0.493,-61.5,0.0,0.499,-47.1,28.3
VRT,stock,20.414,-70.7,0.941,-62.6,0.0,1.012,-59.4,18.6
STX,stock,21.161,-53.4,0.62,-38.3,0.0,0.752,-36.2,31.3
WDC,stock,6.495,-68.7,1.121,-68.6,0.0,1.354,-56.2,50.1
P,stock,3.696,-49.2,0.369,-49.2,0.0,0.351,-54.2,24.1
MOD,stock,16.219,-79.4,0.901,-55.6,0.0,0.608,-79.4,17.7
IREN,stock,9.111,-63.7,1.155,-63.7,0.0,0.382,-63.4,7.8
APLD,stock,6.613,-63.0,0.484,-62.9,0.0,0.565,-63.0,6.9
WULF,stock,2.421,-98.4,1.961,-98.0,0.0,2.202,-80.9,45.3
CORZ,stock,1.522,-31.6,1.0,-31.6,0.0,1.0,-31.6,0.0
CIFR,stock,7.536,-70.7,0.627,-70.7,0.0,0.477,-70.7,10.5
HUT,stock,10.184,-94.4,0.66,-91.0,0.0,1.107,-78.0,44.9
MSFT,stock,1.401,-31.6,0.993,-15.0,0.0,0.925,-26.4,21.5
GOOGL,stock,5.945,-41.9,1.091,-29.7,0.0,0.829,-29.7,20.2
AMZN,stock,2.535,-54.8,0.716,-38.3,0.0,1.054,-28.1,23.6
META,stock,3.655,-76.0,0.874,-51.4,0.0,0.958,-46.4,25.7
AAPL,stock,7.382,-29.5,0.685,-29.5,0.0,0.696,-29.5,20.1
ORCL,stock,2.782,-58.6,0.909,-54.9,0.0,0.845,-48.5,23.5
APP,stock,18.15,-57.0,0.873,-57.0,0.0,0.966,-57.0,9.4
NOW,stock,1.091,-63.1,1.069,-55.2,0.0,1.608,-35.9,32.2
CRM,stock,1.078,-58.3,1.258,-54.4,0.0,1.338,-36.4,40.1
SNOW,stock,1.46,-55.9,0.791,-58.9,0.0,0.591,-48.8,36.0
DDOG,stock,2.472,-66.8,0.61,-66.7,0.0,0.335,-64.7,36.4
MDB,stock,2.091,-74.5,0.261,-76.2,0.0,1.785,-48.2,41.9
NET,stock,2.023,-70.9,0.551,-74.4,0.0,1.42,-43.3,30.3
CRWD,stock,5.437,-44.1,0.546,-44.1,0.0,0.479,-44.1,14.0
PANW,stock,14.942,-42.8,0.612,-56.0,0.0,0.269,-57.3,18.8
IOT,stock,2.389,-56.9,0.782,-52.1,0.0,1.229,-43.2,35.6
PATH,stock,0.875,-64.4,0.622,-77.0,0.0,0.611,-67.9,52.0
DUOL,stock,1.06,-83.0,2.3,-48.7,0.0,1.505,-48.7,29.3
RDDT,stock,1.6,-53.9,0.772,-50.0,0.0,0.563,-53.9,34.4
SOUN,stock,1.877,-75.4,0.387,-75.4,0.0,0.484,-70.1,29.2
AI,stock,0.31,-82.6,2.048,-70.1,0.0,1.249,-76.5,61.4
BBAI,stock,0.284,-93.3,0.157,-96.6,0.0,0.644,-88.5,54.4
VST,stock,6.628,-48.6,0.611,-48.6,0.0,1.138,-48.6,31.7
CEG,stock,2.773,-50.7,1.133,-50.7,0.0,0.989,-50.7,13.0
TLN,stock,0.922,-9.8,1.0,-9.8,0.0,1.0,-9.8,0.0
NRG,stock,3.914,-42.1,0.904,-32.0,0.0,0.738,-36.5,26.4
NEE,stock,1.106,-42.7,0.852,-26.8,0.0,0.839,-30.4,44.1
SO,stock,2.753,-33.6,0.742,-33.6,0.0,0.822,-33.6,17.7
DUK,stock,2.096,-33.2,0.833,-33.2,0.0,0.873,-33.2,21.9
OKLO,stock,4.178,-74.8,1.0,-74.8,0.0,0.575,-67.4,17.5
SMR,stock,1.274,-85.1,1.641,-82.2,0.0,1.745,-73.9,25.0
BWXT,stock,3.276,-38.8,0.911,-38.8,0.0,0.797,-38.8,23.2
CCJ,stock,7.847,-48.9,0.593,-54.2,0.0,0.381,-48.3,20.8
LEU,stock,48.918,-75.1,0.359,-82.8,0.0,0.286,-85.3,21.6
UEC,stock,6.725,-74.2,0.313,-66.9,0.0,0.288,-64.9,40.7
ETN,stock,5.524,-37.6,0.73,-37.6,0.0,0.823,-37.6,16.6
HUBB,stock,4.152,-34.8,0.585,-35.5,0.0,0.748,-34.8,19.1
NVT,stock,6.815,-49.7,0.873,-46.6,0.0,0.545,-49.7,23.2
ATKR,stock,3.583,-71.2,0.529,-56.0,0.0,0.711,-57.9,37.2
AMSC,stock,6.781,-88.4,0.983,-65.7,0.0,0.632,-65.0,41.6
ITRI,stock,1.373,-64.1,0.991,-45.3,0.0,1.184,-45.3,38.7
TT,stock,7.574,-39.8,0.979,-33.1,0.0,0.647,-33.1,14.3
PWR,stock,17.447,-41.6,1.0,-41.6,0.0,0.581,-41.6,7.1
EME,stock,9.222,-45.2,0.872,-45.2,0.0,0.703,-35.7,20.2
FIX,stock,33.293,-46.2,0.909,-45.4,0.0,0.567,-45.4,14.4
STRL,stock,48.932,-54.3,0.393,-61.8,0.0,0.24,-62.7,23.5
IESC,stock,36.166,-52.5,0.806,-48.2,0.0,0.842,-48.2,23.8
MYRG,stock,11.215,-50.4,0.532,-59.4,0.0,0.586,-53.1,31.7
POWL,stock,24.442,-59.5,0.624,-67.6,0.0,0.356,-59.5,34.5
FSLR,stock,4.377,-54.5,0.281,-47.7,0.0,0.279,-44.9,37.5
NXT,stock,2.481,-34.1,1.0,-34.1,0.0,1.0,-34.1,0.0
FLNC,stock,0.758,-87.2,1.015,-60.4,0.0,0.78,-67.1,45.8
EOSE,stock,1.607,-84.9,1.429,-73.4,0.0,0.923,-78.2,29.7
BE,stock,23.442,-79.7,0.342,-82.0,0.0,0.362,-81.7,43.1
ALB,stock,1.409,-83.2,2.437,-47.6,0.0,1.376,-53.1,37.7
DE,stock,4.112,-37.1,0.715,-37.1,0.0,0.55,-37.1,25.6
HON,stock,1.703,-38.3,0.745,-38.3,0.0,0.682,-38.3,31.3
EMR,stock,2.294,-42.9,0.651,-48.8,0.0,0.483,-45.3,31.0
ROK,stock,2.836,-45.0,0.526,-41.7,0.0,0.721,-39.4,31.8
TER,stock,8.35,-57.7,0.805,-51.1,0.0,0.696,-42.2,29.7
CGNX,stock,1.475,-74.1,0.947,-54.0,0.0,1.12,-47.2,42.3
ZBRA,stock,1.011,-67.0,0.794,-65.6,0.0,1.402,-45.5,53.0
AMBA,stock,1.048,-80.3,0.514,-83.4,0.0,0.762,-79.8,49.4
OUST,stock,4.0,-62.3,0.303,-62.3,0.0,0.169,-66.4,16.0
NOVT,stock,1.478,-46.0,1.092,-49.5,0.0,1.148,-37.3,35.2
SYM,stock,4.179,-69.2,0.574,-68.3,0.0,0.749,-52.7,33.8
SERV,stock,0.508,-65.8,1.406,-41.9,0.0,1.144,-47.6,34.0
RR,stock,1.26,-74.1,1.65,-67.6,0.0,1.18,-69.4,19.5
LMT,stock,1.809,-33.3,0.658,-33.9,0.0,0.815,-33.3,38.1
RTX,stock,2.652,-49.2,0.941,-49.2,0.0,0.661,-49.2,21.4
NOC,stock,1.928,-33.6,0.757,-33.6,0.0,0.724,-31.5,29.0
GD,stock,2.704,-40.2,1.11,-21.4,0.0,0.937,-29.8,26.3
LHX,stock,2.027,-36.2,0.77,-32.7,0.0,0.724,-36.9,32.0
BA,stock,0.524,-77.9,0.464,-78.5,0.0,1.501,-53.4,49.4
GE,stock,6.972,-57.2,0.683,-57.2,0.0,0.555,-50.5,26.0
HWM,stock,11.895,-60.4,0.768,-61.0,0.0,0.659,-60.4,22.5
TDG,stock,2.97,-24.2,0.939,-24.2,0.0,0.872,-22.6,18.0
HEI,stock,3.023,-25.3,0.774,-24.9,0.0,0.714,-23.1,9.7
CW,stock,7.876,-47.5,0.17,-51.4,0.0,0.85,-47.5,15.9
DRS,stock,15.381,-52.9,0.347,-56.8,0.0,0.358,-52.9,18.0
MRCY,stock,1.814,-70.2,0.683,-59.0,0.0,1.135,-58.5,43.6
TXT,stock,1.941,-58.4,1.178,-21.8,0.0,0.931,-58.4,22.8
AXON,stock,19.256,-58.9,0.642,-55.2,0.0,0.619,-49.8,21.5
KTOS,stock,3.477,-72.5,1.627,-64.8,0.0,2.067,-60.2,29.5
AVAV,stock,2.093,-64.9,0.459,-63.5,0.0,0.714,-56.5,24.6
ACHR,stock,0.949,-66.6,0.819,-52.7,0.0,0.878,-51.0,41.1
JOBY,stock,1.319,-60.4,0.818,-57.4,0.0,0.797,-66.2,28.5
RKLB,stock,11.801,-52.9,0.919,-52.9,0.0,0.951,-52.9,23.4
LUNR,stock,2.6,-70.2,0.387,-70.2,0.0,0.317,-70.2,34.2
ASTS,stock,4.949,-83.7,0.478,-75.9,0.0,0.89,-50.1,52.2
RDW,stock,2.817,-77.8,0.584,-77.8,0.0,0.276,-85.6,33.7
PL,stock,3.881,-69.8,2.329,-56.1,0.0,1.0,-69.8,0.0
IRDM,stock,2.556,-75.0,0.929,-46.5,0.0,0.835,-47.4,49.1
LDOS,stock,1.689,-48.4,0.512,-57.2,0.0,0.902,-38.0,32.4
BAH,stock,2.022,-64.7,2.154,-26.7,0.0,1.343,-41.5,25.5
CACI,stock,2.503,-42.5,0.528,-42.5,0.0,0.806,-35.9,15.5
SAIC,stock,1.683,-44.8,0.541,-46.7,0.0,0.848,-45.0,39.6
LLY,stock,15.296,-34.5,0.613,-31.9,0.0,0.781,-22.1,15.7
NVO,stock,2.39,-74.0,2.148,-22.5,0.0,1.376,-43.5,24.6
VKTX,stock,17.827,-87.7,0.506,-88.7,0.0,0.956,-64.8,50.9
HIMS,stock,2.532,-77.5,1.445,-59.7,0.0,1.341,-57.0,42.2
TEM,stock,0.766,-45.3,0.88,-45.3,0.0,0.988,-36.7,62.9
RXRX,stock,0.265,-81.1,1.448,-72.1,0.0,0.981,-76.9,75.4
SDGR,stock,0.207,-85.8,3.106,-64.3,0.0,3.037,-65.4,77.5
WGS,stock,7.373,-75.6,1.0,-75.6,0.0,1.179,-55.9,14.9
ISRG,stock,1.83,-49.8,1.399,-35.7,0.0,1.144,-36.7,25.0
SYK,stock,1.836,-37.9,0.951,-37.9,0.0,0.807,-37.9,29.0
BSX,stock,1.61,-58.9,1.631,-40.4,0.0,1.361,-42.9,26.4
EW,stock,1.017,-53.0,0.977,-53.8,0.0,1.171,-44.4,39.1
MDT,stock,1.223,-44.9,0.575,-47.7,0.0,0.831,-37.2,33.6
ABT,stock,1.001,-37.4,1.074,-20.7,0.0,0.99,-17.4,34.6
DXCM,stock,4.129,-66.0,0.574,-77.6,0.0,0.443,-72.7,38.9
PODD,stock,1.757,-59.9,0.373,-59.9,0.0,1.699,-35.4,29.3
GEHC,stock,0.736,-35.4,0.965,-38.9,0.0,0.838,-43.5,42.9
TMO,stock,0.916,-35.9,0.974,-29.9,0.0,0.926,-26.5,51.1
DHR,stock,0.954,-40.9,0.965,-36.2,0.0,0.892,-37.1,53.1
A,stock,2.102,-41.8,0.601,-55.2,0.0,0.557,-52.8,34.3
MEDP,stock,17.341,-41.2,0.405,-51.2,0.0,0.488,-45.0,18.9
VRTX,stock,2.678,-39.2,0.853,-29.3,0.0,0.711,-33.1,30.4
REGN,stock,1.725,-59.0,0.327,-63.1,0.0,0.71,-48.5,30.5
CRSP,stock,1.014,-83.7,0.473,-87.1,0.0,1.105,-71.4,49.2
NTLA,stock,0.75,-96.2,2.776,-84.7,0.0,5.39,-75.7,59.4
BEAM,stock,0.296,-88.3,2.134,-75.0,0.0,1.083,-84.5,65.8
ILMN,stock,0.589,-85.9,1.122,-75.3,0.0,1.077,-69.4,55.6
GH,stock,1.987,-91.0,3.22,-63.2,0.0,1.826,-75.8,47.9
NTRA,stock,22.082,-73.5,0.828,-74.9,0.0,1.125,-56.6,20.3
ABBV,stock,3.883,-27.5,0.698,-27.5,0.0,0.77,-27.5,8.1
JNJ,stock,2.194,-20.6,0.707,-34.5,0.0,0.735,-27.0,24.5
PLTR,stock,16.183,-43.7,1.138,-37.9,0.0,1.059,-37.9,9.5
TSLA,stock,19.223,-72.2,0.691,-58.9,0.0,0.688,-57.2,35.1
UBER,stock,2.226,-64.8,0.936,-30.6,0.0,1.247,-34.6,36.1
COIN,stock,2.661,-64.5,1.508,-53.3,0.0,0.393,-68.3,25.4
HOOD,stock,11.61,-55.6,0.489,-55.6,0.0,0.42,-52.8,18.7
SMH,etf,11.027,-44.2,0.394,-33.8,0.0,0.817,-32.9,15.7
IGV,etf,2.265,-45.4,1.043,-36.3,0.0,1.153,-28.2,21.5
AIQ,etf,2.954,-44.1,1.028,-31.6,0.0,1.204,-24.5,17.9
GRID,etf,4.174,-39.0,0.949,-39.0,0.0,0.725,-39.0,19.7
URA,etf,3.22,-50.6,1.087,-37.0,0.0,0.71,-36.5,43.9
XLU,etf,2.126,-32.1,1.016,-32.1,0.0,0.935,-32.1,23.7
BOTZ,etf,1.774,-55.4,0.769,-48.4,0.0,0.635,-39.0,25.1
ROBO,etf,1.912,-43.2,0.654,-49.7,0.0,0.686,-34.6,25.7
ARKQ,etf,3.317,-59.0,1.372,-32.2,0.0,1.271,-39.3,27.9
ITA,etf,2.424,-49.3,0.763,-49.3,0.0,0.623,-49.3,22.4
PPA,etf,2.999,-41.9,0.725,-41.9,0.0,0.707,-41.9,18.4
ARKX,etf,2.26,-25.2,1.0,-25.2,0.0,0.883,-25.2,6.3
XLV,etf,1.265,-16.1,0.94,-12.9,0.0,0.946,-14.8,28.3
XBI,etf,1.888,-61.5,0.647,-39.0,0.0,1.174,-38.9,42.3
IHI,etf,1.177,-32.7,1.178,-17.5,0.0,1.045,-26.9,27.4
ARKG,etf,1.302,-82.9,1.932,-67.0,0.0,1.543,-65.7,49.5
SPY,etf,2.928,-31.8,1.037,-31.8,0.0,0.935,-31.8,17.6
QQQ,etf,3.937,-35.1,1.065,-27.3,0.0,1.065,-27.3,16.3
IWM,etf,2.085,-40.0,0.961,-24.7,0.0,0.599,-40.0,32.6
