ticker,theme,group,hold_terminal,hold_maxdd,X1_STRUCT_ratio,X1_STRUCT_maxdd,X1_STRUCT_trades,X1_STRUCT_pctin,X2_MA52_ratio,X2_MA52_maxdd,X2_MA52_trades,X2_MA52_pctin,X3_CROSSDN_ratio,X3_CROSSDN_maxdd,X3_CROSSDN_trades,X3_CROSSDN_pctin,X4_TRAIL25_ratio,X4_TRAIL25_maxdd,X4_TRAIL25_trades,X4_TRAIL25_pctin,X5_COMBO_ratio,X5_COMBO_maxdd,X5_COMBO_trades,X5_COMBO_pctin
NVDA,ai,stock,44.868,-65.9,0.925,-43.8,2,85.6,0.702,-35.5,3,82.8,0.556,-43.8,3,85.3,0.165,-30.0,3,53.1,0.872,-43.8,2,88.4
AMD,ai,stock,31.377,-64.0,0.065,-36.1,5,23.5,0.148,-50.1,5,43.5,0.781,-48.3,4,77.0,0.163,-46.8,6,51.3,0.906,-48.3,3,80.8
AVGO,ai,stock,17.715,-40.0,0.146,-39.7,2,48.2,0.351,-30.7,3,70.1,0.617,-40.0,3,89.6,0.269,-30.7,3,71.3,0.945,-40.0,2,94.4
ARM,ai,stock,2.029,-39.2,0.59,-39.2,2,48.6,0.449,-39.2,3,43.1,0.252,-60.0,3,59.7,0.321,-56.8,3,51.4,1.0,-39.2,1,100.0
MRVL,ai,stock,8.232,-60.4,0.884,-52.1,4,58.6,0.408,-50.1,5,51.2,0.662,-60.4,4,76.3,0.577,-39.2,4,50.9,1.0,-60.4,3,87.3
MU,ai,stock,20.724,-54.0,0.112,-44.8,6,65.4,0.477,-44.7,8,51.5,0.542,-47.3,6,68.3,0.589,-46.2,5,62.8,0.722,-44.8,4,81.0
TSM,ai,stock,10.431,-55.2,0.922,-50.4,4,82.7,0.115,-32.5,6,24.9,0.634,-33.6,6,80.2,0.818,-28.9,3,84.1,0.884,-50.4,3,90.0
ASML,ai,stock,9.134,-55.8,0.096,-39.1,4,16.1,0.111,-42.2,4,30.4,0.867,-36.6,4,74.6,0.349,-39.5,3,47.9,0.349,-39.1,3,68.5
AMAT,ai,stock,12.951,-54.9,0.433,-43.0,3,60.4,0.083,-52.0,5,37.2,0.834,-43.0,4,76.6,0.635,-48.4,4,69.7,0.273,-43.0,3,67.3
LRCX,ai,stock,19.11,-56.4,0.267,-35.4,3,38.8,0.273,-47.5,3,47.8,0.772,-44.6,3,77.2,0.273,-47.5,3,47.8,0.862,-44.6,3,77.2
KLAC,ai,stock,19.493,-40.2,0.056,-12.2,3,5.5,0.207,-20.7,3,41.8,0.646,-36.1,3,83.3,0.209,-37.5,3,54.0,0.197,-28.2,3,44.4
QCOM,ai,stock,3.262,-43.6,1.228,-41.0,7,78.4,0.22,-49.7,11,48.7,0.176,-59.2,9,67.8,0.25,-57.7,6,55.3,1.166,-41.0,6,81.1
SNPS,ai,stock,3.756,-38.8,0.996,-32.7,6,72.8,0.331,-40.8,6,39.4,0.5,-51.1,5,73.8,0.161,-62.2,6,47.9,0.604,-46.0,5,77.2
CDNS,ai,stock,7.333,-30.1,0.38,-30.4,5,43.8,0.076,-46.4,5,13.7,0.516,-39.8,5,85.3,0.162,-47.3,4,65.2,0.589,-42.9,3,90.0
CRDO,ai,stock,24.538,-58.6,0.087,-25.4,2,17.3,0.048,-33.9,3,30.6,0.459,-58.6,3,90.8,0.087,-33.9,2,39.3,1.0,-58.6,1,100.0
ALAB,ai,stock,3.344,-54.1,0.868,-54.1,2,83.3,0.556,-47.3,2,75.9,0.503,-54.1,2,88.9,0.538,-48.9,3,74.1,1.0,-54.1,1,100.0
MPWR,ai,stock,9.966,-48.9,0.804,-39.5,3,84.3,0.122,-35.3,4,17.8,0.859,-41.8,3,90.6,0.125,-49.2,4,41.4,0.647,-40.9,3,85.1
ON,ai,stock,3.83,-67.9,0.505,-63.0,4,43.4,0.794,-31.5,6,37.9,0.833,-58.5,4,65.8,0.658,-43.1,4,44.5,0.874,-63.0,3,51.8
INTC,ai,stock,2.991,-69.6,0.874,-53.6,7,38.1,1.184,-45.9,7,43.4,1.264,-51.4,6,59.5,1.495,-53.2,4,61.4,1.066,-53.6,7,61.0
COHR,ai,stock,6.136,-70.4,0.209,-73.4,6,54.7,0.276,-65.9,10,33.1,0.516,-60.2,7,59.7,0.18,-85.5,8,44.0,0.422,-76.0,6,69.4
LITE,ai,stock,10.881,-66.1,0.909,-52.1,8,46.3,0.458,-55.8,8,27.6,0.736,-59.8,7,68.2,0.519,-69.3,7,43.5,0.621,-60.5,7,63.1
CIEN,ai,stock,14.683,-48.6,1.14,-44.6,4,65.9,0.054,-25.0,5,12.2,0.702,-51.5,5,79.5,0.129,-40.3,3,58.1,1.147,-44.6,2,89.6
ANET,ai,stock,8.579,-50.2,0.475,-50.2,5,67.7,0.079,-38.1,5,14.2,0.517,-50.2,4,77.7,0.468,-40.9,4,63.8,0.632,-50.2,4,82.9
SMCI,ai,stock,12.243,-83.7,0.019,-88.9,5,28.0,0.023,-71.9,7,9.4,1.456,-68.0,3,80.7,0.052,-61.7,5,25.7,0.02,-88.7,4,43.8
DELL,ai,stock,19.694,-54.8,0.045,-53.9,5,20.7,0.155,-48.4,5,48.6,0.726,-55.5,4,77.0,0.116,-43.4,5,53.3,0.473,-54.8,5,80.3
HPE,ai,stock,4.176,-51.8,0.494,-56.1,6,35.0,0.423,-31.5,7,33.3,0.464,-55.9,6,77.8,0.581,-51.2,5,82.6,0.493,-61.5,5,69.6
VRT,ai,stock,20.414,-70.7,0.403,-62.6,2,74.8,0.155,-32.4,4,43.4,0.883,-59.4,3,82.1,0.145,-36.6,3,49.4,0.941,-62.6,2,89.0
STX,ai,stock,21.161,-53.4,0.186,-21.5,5,38.5,0.531,-31.8,7,53.2,0.747,-37.5,6,73.0,0.427,-42.5,5,75.5,0.62,-38.3,5,70.0
WDC,ai,stock,6.495,-68.7,0.135,-65.6,7,46.0,0.952,-51.6,8,41.6,1.054,-59.1,5,77.7,0.869,-68.4,7,53.1,1.121,-68.6,4,80.9
P,ai,stock,3.696,-49.2,0.293,-49.2,8,53.5,0.229,-47.5,10,51.5,0.235,-56.3,8,76.8,0.193,-47.9,9,58.8,0.369,-49.2,7,83.8
MOD,ai,stock,16.219,-79.4,0.945,-55.6,4,73.5,1.304,-36.9,5,60.1,0.512,-79.4,3,82.3,1.203,-36.9,4,63.8,0.901,-55.6,4,79.9
IREN,ai,stock,9.111,-63.7,1.72,-63.7,2,85.5,0.226,-65.2,4,63.3,0.347,-65.3,2,92.2,0.52,-51.3,5,36.1,1.155,-63.7,1,98.8
APLD,ai,stock,6.613,-63.0,0.484,-62.9,2,79.2,0.267,-52.5,3,66.3,0.519,-63.0,2,93.1,0.713,-41.0,3,53.5,0.484,-62.9,2,79.2
WULF,ai,stock,2.421,-98.4,1.778,-98.0,4,64.0,10.072,-68.0,6,42.0,7.286,-79.0,5,61.2,29.69,-39.1,6,35.1,1.961,-98.0,3,76.0
CORZ,ai,stock,1.522,-31.6,0.613,-10.9,2,5.9,1.0,-31.6,1,100.0,1.0,-31.6,1,100.0,0.636,-38.2,2,33.3,1.0,-31.6,1,100.0
CIFR,ai,stock,7.536,-70.7,0.234,-70.7,4,76.6,0.72,-52.5,4,81.9,0.442,-70.7,2,89.5,0.537,-37.8,5,29.2,0.627,-70.7,2,92.4
HUT,ai,stock,10.184,-94.4,0.444,-91.0,7,61.9,1.108,-79.4,8,45.5,1.651,-70.2,5,63.3,1.418,-59.5,9,26.8,0.66,-91.0,4,75.3
MSFT,ai,stock,1.401,-31.6,0.911,-8.3,2,18.6,0.993,-15.0,2,65.7,0.834,-28.7,2,78.5,0.968,-26.8,1,90.1,0.993,-15.0,2,65.7
GOOGL,ai,stock,5.945,-41.9,1.161,-29.7,3,83.5,0.691,-22.9,6,65.9,0.928,-29.7,5,82.2,0.61,-32.2,4,81.4,1.091,-29.7,3,85.3
AMZN,ai,stock,2.535,-54.8,1.184,-28.1,4,54.9,0.466,-32.8,5,37.9,0.798,-34.9,5,76.4,0.771,-36.0,3,81.2,0.716,-38.3,3,82.0
META,ai,stock,3.655,-76.0,0.874,-51.4,2,86.8,0.918,-31.4,3,60.6,0.904,-37.4,3,74.3,0.587,-37.4,3,63.5,0.874,-51.4,2,86.8
AAPL,ai,stock,7.382,-29.5,0.126,-26.2,4,12.3,0.19,-19.7,4,34.2,0.53,-30.7,4,79.9,0.251,-29.5,3,50.8,0.685,-29.5,3,83.4
ORCL,ai,stock,2.782,-58.6,0.432,-8.1,5,2.7,0.67,-35.5,5,50.7,0.638,-46.4,5,76.5,1.049,-27.7,3,77.2,0.909,-54.9,3,89.2
APP,ai,stock,18.15,-57.0,0.661,-57.0,2,67.5,0.802,-57.0,2,86.2,0.762,-57.0,2,91.2,0.643,-46.5,2,55.6,0.873,-57.0,2,90.0
NOW,ai,stock,1.091,-63.1,0.722,-51.8,2,42.1,0.769,-16.2,3,4.1,1.643,-35.9,2,67.8,1.218,-44.1,2,74.3,1.069,-55.2,1,90.1
CRM,ai,stock,1.078,-58.3,0.89,-53.2,6,35.5,1.053,-32.2,6,48.7,1.69,-42.7,5,67.9,1.495,-37.1,4,61.0,1.258,-54.4,4,71.3
SNOW,ai,stock,1.46,-55.9,1.089,-55.9,2,63.4,0.437,-46.8,4,21.7,0.534,-48.5,4,64.0,0.462,-46.8,3,30.4,0.791,-58.9,2,82.0
DDOG,ai,stock,2.472,-66.8,0.555,-55.3,6,46.4,0.307,-64.6,5,36.8,0.241,-72.3,5,63.6,0.301,-68.6,6,35.6,0.61,-66.7,4,62.5
MDB,ai,stock,2.091,-74.5,0.345,-76.2,4,36.9,0.481,-39.4,4,23.9,1.889,-58.9,3,68.7,0.311,-60.7,4,24.8,0.261,-76.2,4,38.9
NET,ai,stock,2.023,-70.9,0.574,-74.4,5,52.1,0.332,-53.2,7,16.0,0.798,-66.6,6,91.2,0.618,-66.1,6,33.2,0.551,-74.4,5,78.2
CRWD,ai,stock,5.437,-44.1,0.424,-44.1,2,51.6,0.326,-43.9,3,50.3,0.42,-44.1,3,86.0,0.338,-41.8,3,47.8,0.546,-44.1,2,94.9
PANW,ai,stock,14.942,-42.8,0.117,-29.1,6,22.3,0.111,-57.8,7,46.8,0.209,-63.2,7,81.2,0.215,-47.8,5,62.1,0.612,-56.0,4,92.0
IOT,ai,stock,2.389,-56.9,0.407,-27.1,3,8.5,0.862,-28.2,3,39.0,1.229,-47.0,2,79.7,0.476,-43.5,3,19.8,0.782,-52.1,3,78.0
PATH,ai,stock,0.875,-64.4,0.718,-75.9,5,65.7,0.891,-37.4,6,22.9,0.437,-75.6,4,61.7,1.024,-51.5,4,49.7,0.622,-77.0,4,77.1
DUOL,ai,stock,1.06,-83.0,1.771,-32.5,2,45.4,1.691,-35.9,2,60.9,1.389,-48.7,2,70.7,1.539,-27.9,2,41.4,2.3,-48.7,1,74.7
RDDT,ai,stock,1.6,-53.9,0.772,-50.0,1,72.1,0.495,-47.1,2,52.5,0.481,-53.9,2,65.6,1.076,-26.3,1,36.1,0.772,-50.0,1,72.1
SOUN,ai,stock,1.877,-75.4,0.638,-75.4,3,87.6,0.512,-72.1,3,50.9,0.398,-74.0,3,70.8,1.875,-58.4,6,39.8,0.387,-75.4,2,91.3
AI,ai,stock,0.31,-82.6,2.653,-38.5,4,10.2,1.629,-67.7,4,33.0,1.116,-77.9,3,48.3,1.436,-55.5,3,19.3,2.048,-70.1,3,58.5
BBAI,ai,stock,0.284,-93.3,0.095,-97.4,5,53.9,0.841,-82.4,5,28.1,0.442,-92.6,4,45.6,0.931,-80.8,6,14.3,0.157,-96.6,4,65.0
VST,grid,stock,6.628,-48.6,0.651,-48.6,3,60.1,0.463,-48.6,4,34.0,0.986,-48.6,4,68.3,0.371,-46.0,3,52.1,0.611,-48.6,3,60.6
CEG,grid,stock,2.773,-50.7,0.377,-3.3,2,3.7,0.811,-40.6,2,76.4,1.012,-50.7,2,87.0,0.634,-29.6,2,57.1,1.133,-50.7,1,91.3
TLN,grid,stock,0.922,-9.8,1.0,-9.8,1,100.0,0.979,-9.8,1,33.3,1.0,-9.8,1,100.0,1.0,-9.8,1,100.0,1.0,-9.8,1,100.0
NRG,grid,stock,3.914,-42.1,1.218,-29.8,4,77.6,0.416,-38.7,7,32.8,0.569,-47.2,5,76.4,0.482,-37.6,3,68.1,0.904,-32.0,3,80.7
NEE,grid,stock,1.106,-42.7,0.952,-25.6,3,47.1,0.682,-25.1,3,20.1,0.826,-29.1,3,55.9,0.74,-41.9,2,83.8,0.852,-26.8,3,49.5
SO,grid,stock,2.753,-33.6,0.497,-33.6,5,63.0,0.325,-30.3,6,30.5,0.63,-33.6,6,82.3,0.739,-37.2,2,91.3,0.742,-33.6,4,91.3
DUK,grid,stock,2.096,-33.2,0.775,-33.2,3,61.1,0.571,-20.4,3,37.2,0.747,-33.2,3,78.1,0.726,-36.7,2,92.2,0.833,-33.2,3,81.8
OKLO,grid,stock,4.178,-74.8,0.476,-74.8,2,71.1,0.674,-64.3,2,75.3,0.463,-67.0,2,82.5,0.171,-52.7,2,42.3,1.0,-74.8,1,100.0
SMR,grid,stock,1.274,-85.1,0.754,-86.0,2,76.7,0.964,-75.4,2,48.3,1.924,-71.3,1,75.0,1.169,-41.2,2,15.5,1.641,-82.2,1,94.0
BWXT,grid,stock,3.276,-38.8,0.597,-38.8,4,67.1,0.325,-37.2,4,25.7,0.628,-38.8,4,76.8,0.54,-44.4,4,77.3,0.911,-38.8,3,83.7
CCJ,grid,stock,9.833,-48.9,0.447,-54.2,5,74.9,0.05,-68.0,10,27.6,0.323,-53.8,7,85.5,0.209,-50.3,7,77.2,0.593,-54.2,3,92.6
LEU,grid,stock,48.918,-75.1,0.089,-77.5,6,55.5,0.076,-82.6,7,54.5,0.535,-83.1,4,82.4,0.067,-63.2,8,36.1,0.359,-82.8,5,84.5
UEC,grid,stock,6.725,-74.2,0.313,-57.1,10,53.2,0.105,-54.8,13,41.8,0.13,-81.9,8,71.7,0.137,-62.0,11,44.0,0.313,-66.9,7,76.3
ETN,grid,stock,5.524,-37.6,0.655,-34.4,4,58.7,0.498,-23.3,4,58.2,0.651,-37.6,4,83.4,0.399,-37.9,4,85.0,0.73,-37.6,2,85.5
HUBB,grid,stock,4.152,-34.8,0.476,-27.1,5,50.2,0.637,-26.3,5,75.7,0.515,-34.8,5,80.9,0.433,-43.8,4,84.1,0.585,-35.5,4,91.4
NVT,grid,stock,6.815,-49.7,0.258,-46.6,4,39.1,0.631,-25.2,4,67.1,0.433,-49.7,4,76.8,0.647,-36.3,3,74.1,0.873,-46.6,3,85.3
ATKR,grid,stock,3.583,-71.2,0.499,-56.0,5,49.1,0.381,-43.5,9,39.7,0.586,-57.9,9,66.7,1.027,-35.5,5,65.1,0.529,-56.0,4,62.3
AMSC,grid,stock,6.781,-88.4,0.976,-59.7,6,48.3,0.865,-58.4,7,49.9,0.56,-70.9,6,58.4,1.384,-42.8,6,30.2,0.983,-65.7,5,66.1
ITRI,grid,stock,1.373,-64.1,0.948,-45.3,4,22.3,0.513,-49.8,4,27.8,1.116,-45.3,4,61.3,0.654,-36.2,4,32.7,0.991,-45.3,4,66.2
TT,grid,stock,7.574,-39.8,0.294,-17.7,4,28.6,0.348,-24.2,5,59.3,0.673,-33.1,4,87.6,0.717,-36.6,3,88.1,0.979,-33.1,2,89.8
PWR,grid,stock,17.447,-41.6,0.936,-33.1,2,88.2,0.226,-19.6,3,40.3,0.493,-41.6,3,92.9,0.45,-41.6,3,91.4,1.0,-41.6,1,100.0
EME,grid,stock,9.222,-45.2,1.2,-35.7,3,68.1,0.744,-23.9,5,74.7,0.677,-35.7,4,82.2,0.563,-33.0,4,84.6,0.872,-45.2,3,85.4
FIX,grid,stock,33.293,-46.2,0.116,-16.0,5,17.3,0.606,-33.1,5,77.2,0.556,-45.4,5,86.6,0.333,-58.1,5,84.3,0.909,-45.4,3,83.5
STRL,grid,stock,48.932,-54.3,0.286,-61.8,5,76.5,0.387,-32.6,7,65.4,0.149,-65.8,6,76.5,0.425,-35.1,5,79.4,0.393,-61.8,4,85.8
IESC,grid,stock,36.166,-52.5,0.416,-48.2,6,45.0,0.541,-42.4,7,56.6,0.62,-48.2,7,76.2,0.339,-40.8,4,74.6,0.806,-48.2,6,80.2
MYRG,grid,stock,11.215,-50.4,0.262,-50.3,7,43.8,0.426,-34.5,8,44.7,0.411,-59.0,8,68.3,0.173,-64.0,7,63.1,0.532,-59.4,5,84.9
POWL,grid,stock,24.442,-59.5,0.06,-67.6,6,51.6,0.446,-48.7,7,58.5,0.188,-73.9,6,72.3,0.129,-59.8,6,45.8,0.624,-67.6,4,89.0
FSLR,grid,stock,4.377,-54.5,0.313,-32.8,6,31.4,0.207,-43.0,8,49.9,0.164,-55.5,7,62.5,0.219,-45.4,7,53.7,0.281,-47.7,6,69.2
NXT,grid,stock,2.481,-34.1,1.0,-34.1,1,100.0,0.378,-11.9,1,5.6,1.0,-34.1,1,100.0,1.037,-31.6,1,95.8,1.0,-34.1,1,100.0
FLNC,grid,stock,0.758,-87.2,1.084,-60.4,3,52.1,1.002,-56.8,3,39.5,0.706,-70.2,3,54.7,0.732,-54.7,3,14.7,1.015,-60.4,3,53.7
EOSE,grid,stock,1.607,-84.9,0.615,-46.2,3,6.4,1.055,-68.8,3,53.5,0.988,-75.8,2,70.3,0.521,-37.3,3,12.8,1.429,-73.4,3,59.9
BE,grid,stock,23.442,-79.7,0.434,-77.2,7,56.3,0.014,-87.3,9,26.2,0.225,-86.6,8,57.2,0.012,-81.6,7,22.9,0.342,-82.0,6,61.4
ALB,grid,stock,1.409,-83.2,2.437,-47.6,3,56.3,1.696,-46.4,7,38.7,1.311,-49.0,5,62.3,2.635,-44.0,5,43.4,2.437,-47.6,3,56.3
DE,robotics,stock,4.112,-37.1,0.776,-37.1,5,68.2,0.368,-39.0,9,51.3,0.317,-49.8,8,74.4,0.648,-41.0,3,93.8,0.715,-37.1,3,89.2
HON,robotics,stock,1.703,-38.3,0.662,-32.4,6,50.9,0.596,-31.0,7,45.4,0.496,-41.3,6,72.6,0.583,-41.3,3,94.3,0.745,-38.3,3,88.5
EMR,robotics,stock,2.294,-42.9,0.385,-16.5,6,2.7,0.388,-30.6,6,36.3,0.337,-51.8,6,69.0,0.363,-40.7,4,86.7,0.651,-48.8,5,72.7
ROK,robotics,stock,2.836,-45.0,0.665,-39.4,6,65.3,0.541,-28.6,7,56.3,0.534,-39.5,7,68.2,0.389,-45.3,4,83.7,0.526,-41.7,6,71.3
TER,robotics,stock,8.35,-57.7,0.546,-36.2,6,47.8,0.42,-49.2,7,46.5,0.541,-58.6,6,81.9,0.352,-61.2,6,71.7,0.805,-51.1,5,78.7
CGNX,robotics,stock,1.475,-74.1,0.599,-43.6,6,39.8,0.557,-39.0,8,30.6,1.015,-44.9,6,58.2,0.38,-54.7,6,47.0,0.947,-54.0,5,63.7
ZBRA,robotics,stock,1.011,-67.0,0.794,-65.6,4,63.4,2.034,-26.9,4,42.6,1.243,-59.0,4,60.9,0.973,-57.7,4,57.4,0.794,-65.6,4,63.4
AMBA,robotics,stock,1.048,-80.3,1.141,-51.5,10,43.9,0.885,-60.5,10,31.8,0.608,-84.5,10,61.5,0.543,-60.5,8,37.2,0.514,-83.4,8,66.8
OUST,robotics,stock,4.0,-62.3,0.36,-62.3,4,74.9,0.215,-64.1,7,41.1,0.13,-69.0,4,84.0,0.263,-46.7,7,32.0,0.303,-62.3,4,78.9
NOVT,robotics,stock,1.478,-46.0,1.092,-49.5,4,80.8,0.772,-38.8,5,42.1,1.198,-33.7,4,68.9,1.017,-41.7,4,69.5,1.092,-49.5,4,80.8
SYM,robotics,stock,4.179,-69.2,0.326,-68.3,5,35.6,0.53,-57.0,5,58.0,0.59,-52.7,4,66.2,0.476,-49.8,5,27.9,0.574,-68.3,3,75.3
SERV,robotics,stock,0.508,-65.8,1.406,-41.9,2,44.0,1.863,-28.3,3,18.0,1.187,-46.4,2,66.0,2.529,-29.7,2,48.0,1.406,-41.9,2,44.0
RR,robotics,stock,1.26,-74.1,1.65,-67.6,1,87.8,1.631,-61.9,1,74.4,1.25,-67.6,1,80.5,1.25,-51.1,3,22.0,1.65,-67.6,1,87.8
LMT,defense,stock,1.809,-33.3,0.877,-33.9,7,67.3,0.396,-40.4,10,33.9,0.626,-33.7,8,68.1,0.575,-41.0,4,85.7,0.658,-33.9,7,75.4
RTX,defense,stock,2.652,-49.2,0.63,-15.7,5,28.0,0.774,-22.6,5,58.2,0.582,-57.1,4,86.2,0.787,-43.1,3,89.9,0.941,-49.2,2,91.5
NOC,defense,stock,1.928,-33.6,0.527,-33.6,5,39.8,0.579,-35.7,5,41.7,0.604,-42.5,5,71.0,0.826,-27.3,2,81.7,0.757,-33.6,4,72.8
GD,defense,stock,2.704,-40.2,0.802,-21.4,5,51.3,0.832,-14.3,7,54.6,0.996,-26.7,4,85.2,1.225,-26.7,2,99.7,1.11,-21.4,4,74.2
LHX,defense,stock,2.027,-36.2,0.715,-32.7,5,64.3,0.542,-41.2,7,44.9,0.662,-36.3,6,74.8,0.826,-35.9,3,82.4,0.77,-32.7,5,81.6
BA,defense,stock,0.524,-77.9,0.585,-77.3,7,44.4,1.059,-47.3,8,24.8,1.287,-58.5,8,50.6,1.654,-47.5,4,59.4,0.464,-78.5,6,46.8
GE,defense,stock,6.972,-57.2,0.648,-57.2,3,65.3,0.403,-29.9,5,51.4,0.53,-53.7,4,74.3,0.745,-38.5,3,79.5,0.683,-57.2,3,84.2
HWM,defense,stock,11.895,-60.4,0.126,-44.5,4,28.6,0.101,-26.1,5,25.7,0.745,-60.4,4,82.2,1.127,-38.7,3,83.6,0.768,-61.0,3,93.5
TDG,defense,stock,2.97,-24.2,1.092,-16.6,3,63.0,0.693,-12.2,3,40.3,0.786,-22.0,3,82.0,1.0,-24.2,1,100.0,0.939,-24.2,3,80.7
HEI,defense,stock,3.023,-25.3,0.665,-20.8,4,55.5,0.309,-27.1,5,25.1,0.581,-26.3,5,90.3,0.752,-27.1,2,96.3,0.774,-24.9,2,95.3
CW,defense,stock,7.876,-47.5,0.142,-47.5,2,34.2,0.14,-33.8,4,24.5,0.816,-51.9,3,90.1,0.351,-47.1,3,75.9,0.17,-51.4,2,49.2
DRS,defense,stock,15.381,-52.9,0.101,-43.2,7,26.0,0.216,-50.2,7,64.7,0.249,-53.9,6,82.0,0.418,-56.2,5,83.2,0.357,-56.8,6,82.0
MRCY,defense,stock,1.814,-70.2,0.309,-53.9,5,15.7,0.977,-41.4,6,27.0,1.048,-68.8,4,76.5,0.649,-68.9,5,54.7,0.683,-59.0,5,40.2
TXT,defense,stock,1.941,-58.4,1.254,-21.8,4,61.4,1.018,-23.0,5,50.4,0.834,-58.4,4,77.2,0.735,-33.5,4,80.4,1.178,-21.8,4,63.0
AXON,defense,stock,19.256,-58.9,0.223,-50.8,3,47.8,0.275,-47.6,4,48.2,0.862,-56.1,3,81.8,0.39,-42.2,3,44.4,0.642,-55.2,2,91.7
KTOS,defense,stock,3.477,-72.5,1.165,-64.8,3,54.0,2.328,-48.5,3,65.7,2.171,-60.2,3,70.5,0.955,-28.2,3,44.4,1.627,-64.8,3,70.7
AVAV,defense,stock,2.093,-64.9,0.68,-43.2,5,39.9,0.44,-45.1,6,44.1,0.68,-54.3,5,75.4,0.858,-42.6,5,61.8,0.459,-63.5,4,79.9
ACHR,defense,stock,0.949,-66.6,0.774,-52.7,3,55.7,1.084,-50.6,3,51.9,0.878,-56.5,2,58.9,0.855,-45.3,4,28.5,0.819,-52.7,2,72.2
JOBY,defense,stock,1.319,-60.4,1.074,-57.4,3,73.0,0.334,-66.9,4,19.5,1.352,-52.2,2,77.0,0.766,-35.2,3,17.5,0.818,-57.4,3,75.5
RKLB,defense,stock,11.801,-52.9,0.241,-52.9,3,68.4,0.931,-52.9,2,71.5,0.875,-52.9,2,76.6,0.491,-38.8,3,32.9,0.919,-52.9,2,86.7
LUNR,defense,stock,2.6,-70.2,0.275,-69.2,3,65.8,0.274,-70.8,6,53.0,0.563,-70.2,3,80.3,0.458,-47.5,6,51.3,0.387,-70.2,2,94.0
ASTS,defense,stock,4.949,-83.7,0.41,-75.9,4,52.2,0.344,-39.9,3,20.7,0.801,-50.1,3,47.8,0.453,-47.1,5,27.5,0.478,-75.9,3,60.6
RDW,defense,stock,2.817,-77.8,0.702,-77.8,4,72.8,0.37,-81.8,5,45.6,0.625,-68.6,4,71.6,0.701,-44.9,4,30.2,0.584,-77.8,4,88.2
PL,defense,stock,3.881,-69.8,2.329,-56.1,2,58.2,1.966,-56.1,3,52.4,1.0,-69.8,1,100.0,0.27,-41.1,3,21.7,2.329,-56.1,2,58.2
IRDM,defense,stock,2.556,-75.0,0.766,-46.5,5,51.5,0.583,-24.9,9,34.5,0.799,-42.1,5,53.6,0.861,-44.2,5,54.8,0.929,-46.5,4,61.8
LDOS,defense,stock,1.689,-48.4,0.616,-57.2,6,63.0,0.42,-57.4,7,29.2,0.658,-45.4,7,67.6,0.578,-50.5,5,71.0,0.512,-57.2,5,73.2
BAH,defense,stock,2.022,-64.7,2.163,-26.7,3,76.4,0.975,-36.0,5,46.5,1.408,-33.6,5,74.5,1.287,-38.1,2,67.9,2.154,-26.7,2,76.9
CACI,defense,stock,2.503,-42.5,0.606,-42.5,4,78.9,0.414,-39.5,5,30.5,0.635,-34.3,5,84.5,0.705,-45.3,3,86.8,0.528,-42.5,4,81.1
SAIC,defense,stock,1.683,-44.8,0.616,-46.7,7,66.9,0.413,-41.1,7,17.8,0.67,-44.8,6,73.0,0.451,-46.8,5,73.2,0.541,-46.7,7,69.1
LLY,health,stock,15.296,-34.5,0.089,-17.2,3,17.1,0.1,-32.2,3,31.4,0.63,-28.4,3,84.3,0.694,-35.9,2,94.1,0.613,-31.9,3,91.7
NVO,health,stock,2.39,-74.0,0.775,-19.1,2,25.1,0.742,-19.1,2,28.0,1.556,-28.5,2,75.4,1.898,-28.5,1,77.5,2.148,-22.5,1,75.9
VKTX,health,stock,17.827,-87.7,0.065,-79.0,8,46.5,0.733,-74.3,9,39.5,0.453,-89.9,6,64.8,0.304,-65.4,9,30.6,0.506,-88.7,7,73.4
HIMS,health,stock,2.532,-77.5,0.851,-57.0,4,36.4,1.247,-57.0,3,34.2,1.265,-57.0,3,57.8,0.196,-53.1,4,10.5,1.445,-59.7,2,65.8
TEM,health,stock,0.766,-45.3,0.88,-45.3,1,77.1,1.229,-17.3,1,14.3,0.99,-33.3,1,37.1,1.047,-29.5,1,34.3,0.88,-45.3,1,77.1
RXRX,health,stock,0.265,-81.1,2.527,-67.1,4,45.6,1.992,-50.5,6,10.3,0.613,-85.6,4,52.8,0.939,-77.8,7,31.3,1.448,-72.1,3,49.7
SDGR,health,stock,0.207,-85.8,3.282,-64.3,3,26.5,3.344,-58.8,4,10.9,3.298,-63.1,3,22.5,2.411,-62.8,4,17.8,3.106,-64.3,3,27.6
WGS,health,stock,7.373,-75.6,0.144,0.0,1,0.8,0.932,-46.7,1,48.8,1.225,-53.4,1,85.1,0.938,-33.4,1,38.0,1.0,-75.6,1,100.0
ISRG,health,stock,1.83,-49.8,0.572,-35.7,3,11.4,0.569,-41.4,4,32.1,1.136,-36.2,4,75.0,0.38,-47.0,4,47.4,1.399,-35.7,3,72.4
SYK,health,stock,1.836,-37.9,0.804,-15.2,3,29.0,0.686,-17.6,3,39.4,0.708,-39.7,3,71.0,0.538,-31.3,3,82.1,0.951,-37.9,3,78.2
BSX,health,stock,1.61,-58.9,1.074,-20.3,5,40.3,0.733,-27.1,5,32.6,1.089,-52.8,5,73.6,1.361,-42.2,2,87.7,1.631,-40.4,4,77.8
EW,health,stock,1.017,-53.0,1.28,-41.9,4,54.4,0.54,-45.8,6,18.2,0.892,-57.8,4,64.5,0.751,-59.8,4,63.2,0.977,-53.8,4,73.3
MDT,health,stock,1.223,-44.9,0.583,-45.6,7,50.9,0.659,-29.5,7,28.8,0.738,-35.0,7,66.4,0.833,-40.9,3,78.8,0.582,-47.7,7,64.6
ABT,health,stock,1.001,-37.4,1.073,-20.1,1,44.7,1.058,-16.7,4,50.3,0.901,-24.1,4,65.4,0.983,-26.0,1,92.2,1.074,-20.7,1,89.4
DXCM,health,stock,4.129,-66.0,1.167,-69.0,5,71.8,0.506,-55.9,10,50.1,0.314,-77.2,8,76.9,0.102,-86.6,9,51.7,0.574,-77.6,3,87.6
PODD,health,stock,1.757,-59.9,0.44,-59.9,3,18.5,0.912,-22.9,3,27.7,1.682,-36.3,3,70.7,1.131,-37.7,3,45.1,0.373,-59.9,3,45.6
GEHC,health,stock,0.736,-35.4,0.942,-37.1,3,45.2,0.982,-33.8,4,24.6,0.841,-43.3,3,69.0,0.772,-47.9,2,73.8,0.965,-38.9,2,86.5
TMO,health,stock,0.916,-35.9,1.138,-7.7,3,3.3,0.85,-25.7,3,25.6,0.813,-26.5,3,48.9,0.556,-49.2,3,65.6,0.974,-29.9,3,55.0
DHR,health,stock,0.954,-40.9,0.965,-36.2,2,64.8,0.922,-23.4,3,37.2,0.821,-33.6,3,46.9,0.787,-41.3,2,62.8,0.965,-36.2,2,64.8
A,health,stock,2.102,-41.8,0.554,-51.7,7,64.9,0.487,-39.2,9,46.9,0.438,-54.6,9,66.4,0.38,-60.6,5,68.6,0.601,-55.2,6,74.6
MEDP,health,stock,17.341,-41.2,0.271,-32.9,3,64.2,0.08,-38.9,3,28.4,0.388,-47.5,3,81.1,0.075,-42.5,3,26.2,0.405,-51.2,3,85.2
VRTX,health,stock,2.678,-39.2,0.484,-30.3,4,25.4,0.4,-29.8,6,35.8,0.626,-34.1,6,69.6,0.746,-36.0,3,74.6,0.853,-29.3,3,72.3
REGN,health,stock,1.725,-59.0,0.553,-27.6,5,19.3,0.376,-36.5,5,29.5,0.587,-51.0,5,69.5,0.746,-44.9,4,70.2,0.327,-63.1,4,68.3
CRSP,health,stock,1.014,-83.7,0.337,-78.8,6,44.8,0.625,-75.8,9,30.7,0.83,-76.0,6,59.2,0.312,-88.1,9,34.0,0.473,-87.1,6,70.1
NTLA,health,stock,0.75,-96.2,0.974,-80.6,5,35.5,4.419,-69.7,9,30.3,2.097,-92.1,4,78.7,0.513,-83.9,9,26.9,2.776,-84.7,5,63.2
BEAM,health,stock,0.296,-88.3,2.717,-74.3,3,48.6,0.928,-80.4,8,22.7,1.119,-85.9,4,44.6,1.527,-76.2,5,27.3,2.134,-75.0,3,50.4
ILMN,health,stock,0.589,-85.9,1.046,-75.3,7,51.6,1.475,-45.9,8,31.4,1.014,-67.8,7,49.2,1.26,-60.0,6,50.8,1.122,-75.3,5,60.9
GH,health,stock,1.987,-91.0,3.22,-63.2,5,57.1,0.517,-52.2,5,17.1,2.455,-72.3,4,61.2,0.226,-75.2,5,22.4,3.22,-63.2,5,57.1
NTRA,health,stock,22.082,-73.5,0.423,-38.8,3,47.0,0.142,-47.2,4,40.7,0.94,-56.6,4,79.7,0.366,-41.2,4,54.4,0.828,-74.9,2,89.4
ABBV,health,stock,3.883,-27.5,0.33,-8.6,5,14.4,0.242,-28.7,5,29.7,0.625,-27.5,5,91.9,0.398,-31.7,2,46.7,0.698,-27.5,3,80.7
JNJ,health,stock,2.194,-20.6,0.668,-21.0,7,42.9,0.463,-38.0,9,27.5,0.431,-51.6,9,75.5,1.0,-20.6,1,100.0,0.707,-34.5,5,77.9
PLTR,outlier,stock,16.183,-43.7,1.138,-37.9,1,89.9,0.837,-37.9,2,85.2,1.081,-37.9,1,90.5,0.641,-28.7,1,57.4,1.138,-37.9,1,89.9
TSLA,outlier,stock,19.223,-72.2,0.933,-58.9,5,66.8,0.389,-52.5,8,46.2,0.438,-65.3,7,65.4,0.382,-51.2,8,40.9,0.691,-58.9,5,68.5
UBER,outlier,stock,2.226,-64.8,0.99,-29.8,3,47.6,0.615,-39.5,4,25.9,1.281,-37.6,3,66.5,1.053,-35.7,3,59.4,0.936,-30.6,2,53.7
COIN,outlier,stock,2.661,-64.5,1.851,-53.3,2,73.4,0.396,-65.6,4,56.8,0.361,-70.3,4,74.6,0.737,-44.6,5,37.9,1.508,-53.3,1,82.8
HOOD,outlier,stock,11.61,-55.6,0.556,-55.6,4,73.8,0.372,-47.1,4,65.2,0.335,-52.9,3,81.3,0.342,-35.5,2,55.6,0.489,-55.6,3,90.4
SMH,etf,etf,11.027,-44.2,0.446,-33.8,2,47.0,0.319,-21.7,3,43.8,0.742,-32.9,3,84.3,0.256,-34.6,3,56.4,0.394,-33.8,2,48.8
IGV,etf,etf,2.265,-45.4,0.651,-9.5,2,10.1,0.745,-20.4,2,42.0,1.238,-28.2,2,79.3,0.608,-28.2,2,42.5,1.043,-36.3,2,88.3
AIQ,etf,etf,2.954,-44.1,1.028,-31.6,2,86.2,0.932,-14.3,3,72.7,1.164,-23.6,3,82.1,1.109,-26.2,2,83.7,1.028,-31.6,2,86.2
GRID,etf,etf,4.174,-39.0,0.48,-39.0,3,45.9,0.687,-27.9,5,74.1,0.561,-39.0,5,80.3,0.697,-27.9,3,88.1,0.949,-39.0,2,90.8
URA,etf,etf,3.22,-50.6,0.262,-38.8,5,16.2,0.8,-29.0,8,43.9,0.506,-38.9,6,56.5,0.481,-47.2,5,62.8,1.087,-37.0,3,72.1
XLU,etf,etf,2.126,-32.1,0.752,-32.1,2,45.3,0.684,-27.1,4,53.0,0.974,-32.1,3,80.4,0.824,-34.2,2,96.9,1.016,-32.1,2,84.3
BOTZ,etf,etf,1.774,-55.4,0.668,-48.4,5,53.5,0.91,-22.5,6,62.0,0.531,-35.8,6,74.9,0.584,-32.3,4,76.7,0.769,-48.4,4,84.2
ROBO,etf,etf,1.912,-43.2,0.946,-24.3,6,43.2,0.88,-22.7,7,54.9,0.542,-39.8,7,74.3,0.584,-35.6,4,80.9,0.654,-49.7,5,77.5
ARKQ,etf,etf,3.317,-59.0,0.64,-32.2,5,25.5,0.197,-41.5,5,13.4,1.255,-34.3,5,72.1,0.663,-37.9,3,62.1,1.372,-32.2,3,71.6
ITA,etf,etf,2.424,-49.3,0.933,-13.5,6,50.3,0.408,-25.4,6,54.7,0.48,-54.5,5,84.7,0.926,-40.6,2,96.3,0.763,-49.3,3,90.8
PPA,etf,etf,2.999,-41.9,0.337,-26.5,4,27.9,0.317,-26.3,5,38.9,0.648,-41.9,4,87.9,0.918,-32.9,2,96.3,0.725,-41.9,3,93.7
ARKX,etf,etf,2.26,-25.2,1.0,-25.2,1,100.0,0.377,-18.1,4,18.9,0.806,-25.2,3,93.7,0.53,-25.2,1,61.7,1.0,-25.2,1,100.0
XLV,etf,etf,1.265,-16.1,0.94,-12.9,2,84.5,0.778,-10.2,3,43.9,0.838,-11.9,3,71.7,1.0,-16.1,1,100.0,0.94,-12.9,2,84.5
XBI,etf,etf,1.888,-61.5,0.564,-17.9,5,10.4,0.566,-33.9,7,21.3,1.066,-35.4,6,57.7,0.452,-54.3,4,47.6,0.647,-39.0,4,46.5
IHI,etf,etf,1.177,-32.7,1.287,-14.5,3,48.6,1.085,-17.5,3,45.4,0.996,-26.8,3,72.6,0.888,-40.3,2,89.0,1.178,-17.5,3,50.8
ARKG,etf,etf,1.302,-82.9,1.637,-54.9,4,47.1,0.466,-47.3,6,15.4,1.329,-66.7,6,50.5,0.444,-70.5,5,31.7,1.932,-67.0,4,62.8
SPY,etf,etf,2.928,-31.8,1.037,-31.8,2,88.2,0.548,-12.2,4,53.5,0.869,-31.8,4,82.4,0.717,-31.8,2,95.8,1.037,-31.8,2,88.2
QQQ,etf,etf,3.937,-35.1,1.065,-27.3,2,88.4,0.415,-10.9,3,40.0,1.077,-27.3,3,84.5,0.581,-27.3,2,59.2,1.065,-27.3,2,88.4
IWM,etf,etf,2.085,-40.0,0.533,-24.7,4,34.8,0.799,-24.5,7,52.6,0.447,-40.0,7,67.4,0.698,-36.2,3,82.7,0.961,-24.7,4,65.5
