ticker,tier,multiple,hold_pnl,income_total,income_yield_pct,cycles,cycle_win_pct,worst_cycle,yearly_min,overlay_vs_hold_pct
NVDA,WINNER,44.87,19829.0,1885.0,4.14,92,79.3,-324.0,-120.0,9.5
AMD,WINNER,31.38,47996.0,2938.0,3.27,79,75.9,-452.0,-736.0,6.1
AVGO,WINNER,17.71,34989.0,4738.0,5.58,78,83.3,-780.0,-196.0,13.5
MRVL,WINNER,8.23,16576.0,527.0,1.17,80,73.8,-268.0,-481.0,3.2
MU,WINNER,20.72,80798.0,571.0,0.66,57,73.7,-267.0,-387.0,0.7
TSM,WINNER,10.43,36018.0,4675.0,4.72,90,90.0,-520.0,-222.0,13.0
ASML,WINNER,9.13,155626.0,10482.0,2.16,69,82.6,-2746.0,-2061.0,6.7
AMAT,WINNER,12.95,48876.0,2683.0,2.53,75,82.7,-489.0,-267.0,5.5
LRCX,WINNER,19.11,29691.0,1607.0,2.93,74,82.4,-277.0,-235.0,5.4
KLAC,WINNER,19.49,20184.0,1323.0,3.34,69,85.5,-152.0,-43.0,6.6
QCOM,MID,3.26,11913.0,177.0,0.18,63,81.0,-761.0,-790.0,1.5
SNPS,MID,3.76,28197.0,752.0,0.29,95,86.3,-2380.0,-2719.0,2.7
CDNS,WINNER,7.33,28509.0,1416.0,0.94,96,85.4,-1123.0,-830.0,5.0
CRDO,WINNER,24.54,19442.0,1203.0,5.11,43,62.8,-238.0,56.0,6.2
MPWR,WINNER,9.97,118035.0,7531.0,1.96,91,78.0,-2448.0,-2884.0,6.4
ON,MID,3.83,6456.0,560.0,1.42,60,71.7,-344.0,-114.0,8.7
INTC,MID,2.99,6326.0,450.0,1.23,56,82.1,-133.0,-103.0,7.1
COHR,WINNER,6.14,23236.0,-558.0,-0.96,35,57.1,-594.0,-594.0,-2.4
LITE,WINNER,10.88,66547.0,-293.0,-0.3,62,67.7,-542.0,-542.0,-0.4
CIEN,WINNER,14.68,34891.0,664.0,1.01,85,78.8,-794.0,-368.0,1.9
ANET,WINNER,8.58,14896.0,1662.0,4.15,80,77.5,-277.0,-279.0,11.2
SMCI,WINNER,12.24,2221.0,220.0,1.4,64,70.3,-136.0,-14.0,9.9
DELL,WINNER,19.69,37621.0,1345.0,2.37,67,85.1,-324.0,-69.0,3.6
HPE,WINNER,4.18,3485.0,-5.0,-0.04,86,75.6,-77.0,-78.0,-0.1
VRT,WINNER,20.41,27538.0,1396.0,3.16,74,73.0,-489.0,-258.0,5.1
STX,WINNER,21.16,75044.0,853.0,0.94,74,79.7,-447.0,-235.0,1.1
WDC,WINNER,6.5,40375.0,-230.0,-0.4,39,69.2,-136.0,-202.0,-0.6
P,MID,3.7,5061.0,236.0,0.91,57,68.4,-173.0,-228.0,4.7
MOD,WINNER,16.22,21520.0,709.0,1.68,67,67.2,-561.0,-548.0,3.3
IREN,WINNER,9.11,2993.0,178.0,2.93,45,44.4,-114.0,7.0,5.9
WULF,MID,2.42,1066.0,101.0,1.69,60,51.7,-51.0,-54.0,9.5
CIFR,WINNER,7.54,1523.0,141.0,5.63,36,55.6,-44.0,-11.0,9.3
HUT,WINNER,10.18,8247.0,271.0,1.77,61,44.3,-196.0,-59.0,3.3
MSFT,LAGGARD,1.4,11280.0,1127.0,0.83,8,100.0,0.0,117.0,10.0
GOOGL,WINNER,5.95,28844.0,1913.0,1.85,74,89.2,-529.0,-267.0,6.6
AMZN,MID,2.53,14970.0,1343.0,1.17,76,92.1,-1041.0,-383.0,9.0
META,MID,3.66,46928.0,5600.0,2.12,74,86.5,-2341.0,-1489.0,11.9
AAPL,WINNER,7.38,28853.0,1386.0,1.18,73,89.0,-562.0,-995.0,4.8
ORCL,MID,2.78,8098.0,-964.0,-1.22,46,80.4,-720.0,-1250.0,-11.9
APP,WINNER,18.15,40115.0,1199.0,1.41,40,67.5,-1042.0,-1628.0,3.0
NOW,LAGGARD,1.09,861.0,650.0,1.31,35,85.7,-584.0,-975.0,75.5
CRM,LAGGARD,1.08,1240.0,248.0,0.17,51,82.4,-1225.0,-1048.0,20.0
SNOW,LAGGARD,1.46,8472.0,1452.0,2.62,23,78.3,-564.0,-100.0,17.1
DDOG,MID,2.47,15405.0,-766.0,-1.23,40,62.5,-508.0,-1059.0,-5.0
MDB,MID,2.09,16294.0,-1076.0,-0.55,63,61.9,-1390.0,-3159.0,-6.6
NET,MID,2.02,14039.0,1702.0,3.31,55,69.1,-594.0,-444.0,12.1
CRWD,WINNER,5.44,16573.0,756.0,2.65,42,78.6,-345.0,-175.0,4.6
PANW,WINNER,14.94,33467.0,1581.0,1.84,95,84.2,-648.0,-354.0,4.7
IOT,MID,2.39,2228.0,362.0,3.02,36,69.4,-188.0,-45.0,16.2
PATH,LAGGARD,0.88,-173.0,38.0,0.76,19,57.9,-67.0,-28.0,22.0
DUOL,LAGGARD,1.06,753.0,1670.0,2.18,32,65.6,-928.0,-132.0,221.8
SOUN,MID,1.88,293.0,44.0,1.81,38,39.5,-38.0,-21.0,15.0
AI,LAGGARD,0.31,-1966.0,101.0,1.26,17,41.2,-54.0,-95.0,5.1
BBAI,LAGGARD,0.28,-716.0,7.0,0.53,22,40.9,-19.0,-24.0,1.0
VST,WINNER,6.63,13199.0,1303.0,2.99,46,82.6,-371.0,-109.0,9.9
CEG,MID,2.77,16137.0,298.0,0.41,41,70.7,-953.0,-1942.0,1.8
NRG,MID,3.91,9613.0,706.0,1.63,72,80.6,-436.0,-404.0,7.3
NEE,LAGGARD,1.11,854.0,218.0,0.78,24,91.7,-300.0,-67.0,25.5
SO,MID,2.75,6068.0,-132.0,-0.27,24,79.2,-183.0,-229.0,-2.2
DUK,MID,2.1,6538.0,-394.0,-0.56,16,81.2,-449.0,-293.0,-6.0
OKLO,WINNER,4.18,3127.0,258.0,2.05,19,42.1,-73.0,-84.0,8.3
SMR,LAGGARD,1.27,166.0,79.0,1.76,24,50.0,-83.0,-37.0,47.6
BWXT,MID,3.28,11892.0,1280.0,2.12,73,93.2,-622.0,-229.0,10.8
CCJ,WINNER,9.83,7691.0,307.0,1.09,87,73.6,-250.0,-256.0,4.0
LEU,WINNER,48.92,15286.0,1358.0,2.87,72,62.5,-493.0,-76.0,8.9
UEC,WINNER,6.72,790.0,-31.0,-0.8,58,51.7,-34.0,-30.0,-3.9
ETN,WINNER,5.52,32758.0,1371.0,0.94,65,87.7,-942.0,-627.0,4.2
HUBB,WINNER,4.15,37098.0,3774.0,1.91,71,90.1,-651.0,-669.0,10.2
NVT,WINNER,6.81,13219.0,556.0,1.58,62,88.7,-214.0,-63.0,4.2
ATKR,MID,3.58,5293.0,459.0,0.75,71,73.2,-364.0,-251.0,8.7
AMSC,WINNER,6.78,2816.0,-36.0,-0.27,67,56.7,-189.0,-223.0,-1.3
ITRI,LAGGARD,1.37,2336.0,300.0,0.53,49,77.6,-612.0,-610.0,12.8
TT,WINNER,7.57,40793.0,3669.0,2.16,74,91.9,-655.0,-545.0,9.0
PWR,WINNER,17.45,59251.0,6115.0,4.24,100,88.0,-733.0,-208.0,10.3
EME,WINNER,9.22,66346.0,4371.0,2.32,60,88.3,-1540.0,-273.0,6.6
FIX,WINNER,33.29,162378.0,5684.0,2.56,60,90.0,-751.0,25.0,3.5
STRL,WINNER,48.93,62551.0,4317.0,5.33,73,74.0,-401.0,-50.0,6.9
IESC,WINNER,36.17,59607.0,6875.0,7.02,75,80.0,-909.0,-112.0,11.5
MYRG,WINNER,11.21,35660.0,2717.0,2.97,76,85.5,-564.0,-504.0,7.6
POWL,WINNER,24.44,22327.0,1348.0,4.15,55,65.5,-169.0,-98.0,6.0
FSLR,WINNER,4.38,16356.0,2021.0,2.01,55,65.5,-643.0,-940.0,12.4
FLNC,LAGGARD,0.76,-449.0,-21.0,-0.33,25,40.0,-62.0,-25.0,-4.7
EOSE,MID,1.61,156.0,20.0,1.24,28,50.0,-29.0,-37.0,12.8
BE,WINNER,23.44,20579.0,1297.0,5.22,51,54.9,-196.0,-83.0,6.3
ALB,LAGGARD,1.41,3504.0,232.0,0.22,43,62.8,-525.0,-458.0,6.6
DE,WINNER,4.11,45200.0,1880.0,0.74,83,81.9,-1174.0,-694.0,4.2
HON,MID,1.7,9289.0,443.0,0.33,31,87.1,-587.0,-377.0,4.8
EMR,MID,2.29,7872.0,171.0,0.26,49,85.7,-350.0,-204.0,2.2
ROK,MID,2.84,29900.0,3962.0,2.08,60,90.0,-703.0,-174.0,13.3
TER,WINNER,8.35,28375.0,355.0,0.41,61,72.1,-373.0,-440.0,1.3
CGNX,LAGGARD,1.47,2063.0,364.0,0.92,53,79.2,-220.0,-93.0,17.6
ZBRA,LAGGARD,1.01,299.0,-614.0,-0.3,43,76.7,-1785.0,-3736.0,-205.4
AMBA,LAGGARD,1.05,284.0,543.0,0.91,58,63.8,-384.0,-329.0,191.2
OUST,WINNER,4.0,2778.0,43.0,0.89,18,38.9,-40.0,8.0,1.5
NOVT,LAGGARD,1.48,4812.0,496.0,0.57,61,80.3,-813.0,-758.0,10.3
SYM,WINNER,4.18,3138.0,230.0,1.55,38,44.7,-141.0,-101.0,7.3
LMT,MID,1.81,22758.0,1054.0,0.35,41,85.4,-1299.0,-1206.0,4.6
RTX,MID,2.65,12054.0,187.0,0.26,48,87.5,-468.0,-532.0,1.6
NOC,MID,1.93,25099.0,2166.0,0.72,54,90.7,-3201.0,-3466.0,8.6
GD,MID,2.7,23225.0,1033.0,0.65,21,90.5,-304.0,-279.0,4.4
LHX,MID,2.03,14290.0,1149.0,0.75,38,89.5,-758.0,-693.0,8.0
BA,LAGGARD,0.52,-19415.0,2354.0,1.45,52,80.8,-883.0,-440.0,12.1
GE,WINNER,6.97,29880.0,2750.0,3.3,61,82.0,-806.0,-380.0,9.2
HWM,WINNER,11.9,24953.0,1905.0,3.46,94,86.2,-518.0,-178.0,7.6
TDG,MID,2.97,80552.0,4872.0,0.98,62,90.3,-3383.0,-4145.0,6.0
HEI,MID,3.02,22931.0,2546.0,2.18,57,91.2,-908.0,-1305.0,11.1
CW,WINNER,7.88,61797.0,4619.0,2.35,78,89.7,-542.0,-634.0,7.5
DRS,WINNER,15.38,4127.0,352.0,2.57,90,83.3,-93.0,-41.0,8.5
MRCY,MID,1.81,4312.0,850.0,1.84,61,78.7,-226.0,-139.0,19.7
TXT,MID,1.94,4436.0,769.0,1.58,43,95.3,-161.0,28.0,17.3
AXON,WINNER,19.26,48378.0,8540.0,4.27,94,75.5,-1863.0,-327.0,17.7
KTOS,MID,3.48,3279.0,879.0,4.11,82,79.3,-84.0,-15.0,26.8
AVAV,MID,2.09,7427.0,2880.0,3.3,64,73.4,-480.0,66.0,38.8
ACHR,LAGGARD,0.95,-24.0,37.0,1.8,21,47.6,-27.0,-6.0,154.2
JOBY,LAGGARD,1.32,175.0,93.0,3.12,22,63.6,-20.0,18.0,53.1
RKLB,WINNER,11.8,6189.0,671.0,6.9,31,64.5,-180.0,-4.0,10.8
LUNR,MID,2.6,832.0,7.0,0.22,20,40.0,-41.0,-13.0,0.8
ASTS,WINNER,4.95,4612.0,408.0,3.35,30,46.7,-175.0,-15.0,8.8
RDW,MID,2.82,545.0,-7.0,-0.27,28,53.6,-27.0,-34.0,-1.3
PL,MID,3.88,1668.0,164.0,5.26,13,76.9,-40.0,68.0,9.8
IRDM,MID,2.56,2842.0,413.0,1.88,40,75.0,-87.0,-30.0,14.5
LDOS,MID,1.69,4344.0,555.0,0.65,61,83.6,-368.0,-160.0,12.8
BAH,MID,2.02,3296.0,1835.0,2.51,76,94.7,-291.0,-147.0,55.7
CACI,MID,2.5,27717.0,1304.0,0.53,55,81.8,-1171.0,-762.0,4.7
SAIC,MID,1.68,4688.0,232.0,0.3,68,86.8,-427.0,-493.0,4.9
LLY,WINNER,15.3,110202.0,9797.0,2.82,97,90.7,-1967.0,86.0,8.9
NVO,MID,2.39,2926.0,940.0,2.24,71,93.0,-255.0,32.0,32.1
VKTX,WINNER,17.83,3500.0,185.0,1.2,52,48.1,-134.0,-74.0,5.3
HIMS,MID,2.53,1987.0,206.0,2.13,40,47.5,-48.0,-19.0,10.4
RXRX,LAGGARD,0.26,-817.0,9.0,0.35,17,35.3,-16.0,-24.0,1.1
SDGR,LAGGARD,0.21,-5858.0,-7.0,-0.05,14,50.0,-117.0,-49.0,-0.1
WGS,WINNER,7.37,5487.0,405.0,2.31,28,57.1,-290.0,-485.0,7.4
ISRG,MID,1.83,15667.0,3001.0,1.29,74,85.1,-1417.0,-1412.0,19.2
SYK,MID,1.84,14565.0,1441.0,0.72,26,92.3,-431.0,-431.0,9.9
BSX,MID,1.61,1668.0,-18.0,-0.04,43,81.4,-108.0,-341.0,-1.1
EW,LAGGARD,1.02,140.0,308.0,0.6,51,84.3,-392.0,-415.0,220.0
MDT,LAGGARD,1.22,1518.0,419.0,0.59,34,88.2,-164.0,-101.0,27.6
ABT,LAGGARD,1.0,6.0,457.0,1.21,19,94.7,-78.0,79.0,7967.5
DXCM,WINNER,4.13,5809.0,107.0,0.16,79,72.2,-637.0,-553.0,1.8
PODD,MID,1.76,7071.0,2780.0,1.62,76,77.6,-1290.0,-1381.0,39.3
GEHC,LAGGARD,0.74,-2263.0,-5.0,-0.03,15,80.0,-217.0,-211.0,-0.2
TMO,LAGGARD,0.92,-4890.0,39.0,0.02,15,80.0,-1098.0,-1599.0,0.8
DHR,LAGGARD,0.95,-973.0,-649.0,-1.05,18,77.8,-884.0,-538.0,-66.7
A,MID,2.1,6891.0,75.0,0.08,67,82.1,-336.0,-340.0,1.1
MEDP,WINNER,17.34,50672.0,4078.0,2.19,108,83.3,-1888.0,-1674.0,8.0
VRTX,MID,2.68,30432.0,3234.0,1.41,64,90.6,-1255.0,-165.0,10.6
REGN,MID,1.73,28451.0,37.0,0.01,62,82.3,-3586.0,-6385.0,0.1
CRSP,LAGGARD,1.01,68.0,597.0,1.25,55,58.2,-170.0,-76.0,877.9
NTLA,LAGGARD,0.75,-378.0,598.0,1.9,49,55.1,-319.0,-52.0,158.0
BEAM,LAGGARD,0.3,-6536.0,378.0,1.73,36,52.8,-163.0,-63.0,5.8
ILMN,LAGGARD,0.59,-13000.0,-1366.0,-0.82,45,64.4,-1072.0,-1772.0,-10.5
GH,MID,1.99,7742.0,1238.0,2.77,47,74.5,-487.0,-107.0,16.0
NTRA,WINNER,22.08,25910.0,3263.0,4.65,98,75.5,-489.0,-97.0,12.6
ABBV,MID,3.88,18895.0,1667.0,1.81,58,91.4,-679.0,-248.0,8.8
JNJ,MID,2.19,13769.0,533.0,0.46,15,93.3,-192.0,57.0,3.9
PLTR,WINNER,16.18,12420.0,771.0,2.95,37,70.3,-422.0,-558.0,6.2
TSLA,WINNER,19.22,36103.0,3947.0,2.35,72,65.3,-1368.0,-1105.0,10.9
UBER,MID,2.23,3991.0,1144.0,3.41,54,85.2,-202.0,-121.0,28.7
COIN,MID,2.66,9808.0,1344.0,2.03,33,57.6,-535.0,-34.0,13.7
HOOD,WINNER,11.61,9135.0,73.0,0.43,34,61.8,-223.0,-387.0,0.8
