ticker,bottom_date,breakout_date,weeks_to_breakout,head_start_pct,bottom_fwd26w,breakout_fwd26w
AA,2020-11-02,2020-11-30,4.0,64.3,185.3,63.7
AAL,2020-03-16,2021-02-22,49.0,101.7,27.1,-3.4
AAOI,2025-05-26,2025-12-29,31.0,156.8,73.7,205.4
AAOI,2025-12-01,2025-12-29,4.0,48.9,565.7,205.4
AAON,2026-01-19,2026-05-04,15.0,48.0,,
AAT,2025-10-20,2026-04-13,25.0,8.0,8.5,
AB,2020-03-23,2020-10-12,29.0,85.1,53.7,27.9
ABCB,2019-09-02,2019-11-04,9.0,26.8,-7.5,-46.7
ABCL,2025-08-25,2026-05-25,39.0,47.6,-13.6,
ABG,2022-05-09,2023-01-23,37.0,11.9,-5.7,2.4
ABSI,2025-12-15,2026-04-27,19.0,45.6,119.2,
ABVX,2025-07-07,2025-07-21,2.0,704.0,1283.3,83.7
ABX,2023-07-31,2024-01-08,23.0,77.6,96.0,-22.8
ACA,2020-03-16,2020-08-31,24.0,54.7,46.1,23.3
ACHC,2020-09-14,2020-10-26,6.0,21.1,94.3,70.9
ACMR,2019-07-29,2020-01-06,23.0,47.8,117.1,245.5
ADAM,2024-10-21,2025-02-24,18.0,38.7,15.0,9.5
ADBE,2023-02-06,2023-06-05,17.0,22.4,37.1,34.4
ADEA,2020-09-07,2020-11-30,12.0,75.1,113.0,12.7
ADNT,2019-06-24,2020-02-03,32.0,10.9,-12.4,-43.2
ADP,2020-06-15,2020-12-14,26.0,21.7,21.7,8.7
ADT,2020-02-17,2020-07-27,23.0,24.8,66.2,5.7
ADTN,2024-09-02,2024-11-04,9.0,60.0,81.4,-4.6
ADUR,2026-02-02,2026-05-25,16.0,45.3,,
AEHR,2019-06-24,2019-11-11,20.0,35.2,21.2,-32.3
AEO,2023-04-24,2023-08-28,18.0,30.7,31.7,40.7
AFRM,2025-01-20,2025-08-25,31.0,58.7,20.4,-46.9
AG,2024-12-02,2025-06-02,26.0,36.1,36.1,82.1
AGCO,2020-06-15,2020-10-05,16.0,48.9,90.4,83.2
AGEN,2019-02-18,2019-11-11,38.0,28.7,-3.5,-36.0
AGI,2018-07-16,2019-06-17,48.0,10.1,-30.1,-13.0
AGO,2020-06-15,2021-02-22,36.0,80.4,24.8,16.3
AGYS,2020-03-16,2020-11-16,35.0,188.0,81.6,20.6
AI,2024-04-01,2024-11-18,33.0,48.7,-4.3,-39.3
AIP,2023-07-10,2024-04-29,42.0,9.2,-30.5,-16.2
AKTX,2020-10-12,2021-01-11,13.0,81.2,23.3,-48.9
ALAB,2025-10-20,2026-05-18,30.0,86.0,29.0,
ALGT,2020-06-08,2020-11-30,25.0,59.9,54.6,20.2
ALGT,2020-10-19,2020-11-30,6.0,27.0,69.3,20.2
ALHC,2023-12-11,2024-07-08,30.0,11.9,4.9,33.9
ALLY,2023-09-04,2023-12-11,14.0,26.2,36.6,12.9
ALM,2018-01-15,2018-06-11,21.0,23.1,57.0,-5.4
ALM,2018-09-17,2019-04-22,31.0,33.8,8.0,-34.3
ALMU,2026-03-09,2026-04-27,7.0,72.7,,
ALNY,2019-06-24,2019-11-18,21.0,47.3,62.0,31.4
ALOY,2021-06-14,2021-09-06,12.0,98.4,9.6,-62.3
AMBA,2025-07-28,2025-08-25,4.0,29.4,0.5,-26.8
AMD,2018-12-03,2019-07-08,31.0,70.7,66.5,45.0
AMD,2023-03-06,2023-05-22,11.0,53.7,28.3,-3.7
AMG,2020-06-15,2020-11-23,23.0,21.2,33.2,80.0
AMKR,2019-03-25,2019-09-30,27.0,15.8,4.2,-25.2
AMKR,2020-03-16,2020-07-27,19.0,95.7,61.9,14.4
AMLX,2025-02-17,2025-07-07,20.0,132.7,181.8,59.0
AMN,2025-12-22,2026-05-04,19.0,79.9,103.5,
AMPG,2024-04-15,2024-12-23,36.0,148.3,-63.6,-63.0
AMPG,2025-10-27,2026-05-18,29.0,40.0,-43.1,
AMR,2022-07-11,2023-02-27,33.0,48.2,26.9,17.2
AMR,2022-12-12,2023-02-27,11.0,25.9,9.1,17.2
AMR,2024-12-30,2025-12-15,50.0,5.6,-40.8,-10.7
AMTB,2023-08-21,2024-07-15,47.0,41.3,18.7,-13.2
ANAB,2021-08-23,2021-11-01,10.0,46.2,24.0,-38.8
ANDE,2025-09-08,2025-11-03,8.0,25.9,77.4,42.8
ANGI,2020-10-26,2021-03-08,19.0,59.2,51.0,-37.7
AOSL,2019-02-25,2019-10-28,35.0,21.7,7.5,-15.8
AOSL,2019-05-20,2019-10-28,23.0,46.1,26.8,-15.8
APA,2021-02-15,2021-03-01,2.0,29.1,-10.6,-15.2
APAM,2023-03-06,2023-06-12,14.0,31.1,30.1,20.2
APOG,2020-11-23,2021-01-04,6.0,25.8,39.3,14.7
APPN,2025-10-27,2025-11-10,2.0,44.6,-24.7,-54.9
APPS,2025-05-05,2025-09-29,21.0,52.2,44.0,-54.3
AR,2020-07-27,2020-08-03,1.0,32.8,134.5,91.9
ARCB,2022-09-12,2023-02-06,21.0,40.7,23.7,7.8
ARDX,2021-03-01,2021-04-12,6.0,30.3,-78.4,-87.6
ARLO,2025-03-31,2025-06-02,9.0,98.1,103.7,-13.5
ARQQ,2024-04-08,2024-12-02,34.0,83.7,-66.3,11.9
ARQQ,2025-08-25,2025-09-29,5.0,66.4,-45.1,-72.0
ARQT,2024-08-19,2024-11-25,14.0,32.7,32.5,0.0
ARVN,2021-05-03,2021-07-19,11.0,50.0,44.0,-29.7
ASC,2021-05-24,2022-04-04,45.0,22.6,-15.1,73.0
ASM,2019-11-25,2020-06-29,31.0,48.1,27.8,62.5
ASM,2023-01-16,2023-04-03,11.0,14.1,-18.8,-49.5
ASND,2023-11-27,2024-01-01,5.0,24.7,29.8,4.7
ASTC,2024-05-13,2024-08-19,14.0,21.9,-23.3,-42.7
ASTS,2024-10-28,2025-03-03,18.0,40.0,10.8,27.0
ASYS,2019-07-29,2019-12-23,21.0,22.6,-10.3,-30.8
ATAI,2023-08-21,2024-04-01,32.0,59.1,18.8,-52.7
ATAI,2025-12-29,2026-07-13,28.0,86.6,34.1,
ATEC,2020-09-07,2020-10-05,4.0,61.3,179.3,81.8
ATEN,2024-04-15,2024-05-13,4.0,25.6,13.7,2.1
ATEX,2020-03-23,2020-04-20,4.0,32.7,-14.6,-35.8
ATEX,2020-08-10,2021-06-14,44.0,33.5,-14.3,-5.3
ATKR,2025-09-15,2026-05-18,35.0,42.6,-6.0,
ATKR,2026-02-23,2026-05-18,12.0,31.6,,
ATLC,2020-09-07,2020-12-07,13.0,90.7,186.9,80.5
ATLC,2023-11-27,2024-11-04,49.0,42.6,-17.9,22.8
ATLC,2024-09-09,2024-11-04,8.0,42.3,54.9,22.8
ATOM,2019-09-02,2020-05-04,35.0,46.2,34.2,60.2
ATRA,2020-10-12,2020-11-09,4.0,28.8,-5.2,-17.0
ATRC,2024-12-16,2025-12-08,51.0,38.0,2.2,-32.1
ATRO,2022-04-04,2023-01-16,41.0,29.0,-33.1,46.8
ATRO,2022-09-19,2023-01-16,17.0,75.9,52.3,46.8
AU,2018-04-23,2018-12-10,33.0,29.9,6.6,33.9
AUPH,2024-10-07,2025-07-28,42.0,48.2,4.7,38.5
AUR,2023-10-09,2024-08-26,46.0,152.4,65.9,55.7
AVA,2020-06-15,2021-03-08,38.0,31.7,12.4,-6.6
AVB,2021-01-25,2021-03-08,6.0,16.4,41.5,19.3
AVPT,2023-04-03,2023-05-22,7.0,58.4,72.3,31.8
AVTX,2020-06-08,2021-02-15,36.0,71.5,6.3,-36.2
AWI,2020-06-15,2021-03-08,38.0,28.1,3.1,3.5
AWI,2021-02-15,2021-03-08,3.0,22.2,35.4,3.5
AX,2020-09-14,2020-11-09,8.0,41.9,125.5,41.7
AX,2023-03-06,2023-12-11,40.0,40.5,13.8,-1.3
AXGN,2022-07-18,2022-11-07,16.0,41.0,14.1,-28.9
AXIA,2018-12-03,2018-12-31,4.0,28.9,48.1,17.3
AYA,2022-10-31,2023-03-27,21.0,31.1,27.2,-33.5
AYA,2023-02-06,2023-03-27,7.0,52.7,9.1,-33.5
BAC,2020-06-15,2021-02-15,35.0,38.6,15.0,18.0
BANC,2023-09-25,2024-03-04,23.0,20.9,24.6,-5.7
BAND,2019-12-09,2020-04-27,20.0,56.0,101.8,79.7
BAND,2023-06-19,2024-02-26,36.0,63.4,8.0,-17.1
BAND,2025-10-20,2026-03-30,23.0,8.0,44.3,
BANF,2020-06-15,2021-01-04,29.0,60.8,43.9,-1.7
BANF,2020-08-31,2021-01-04,18.0,41.2,57.0,-1.7
BBAR,2022-04-25,2022-12-19,34.0,31.6,9.3,69.4
BBBY,2019-11-04,2020-06-22,33.0,189.7,66.3,102.0
BBIO,2024-10-07,2025-01-20,15.0,45.1,30.9,23.2
BBT,2023-08-21,2024-07-15,47.0,34.5,6.6,5.6
BBW,2020-02-24,2021-01-25,48.0,47.2,-36.7,170.9
BBW,2020-08-10,2021-01-25,24.0,134.0,160.3,170.9
BBY,2025-12-01,2026-07-06,31.0,16.4,-0.8,
BCRX,2020-04-20,2020-11-30,32.0,71.3,4.2,167.0
BDC,2020-03-09,2021-02-01,47.0,38.7,-16.4,2.1
BDC,2020-06-15,2021-02-01,33.0,56.3,24.9,2.1
BDC,2021-01-11,2021-02-01,3.0,23.0,11.4,2.1
BE,2020-04-20,2020-07-06,11.0,65.7,98.4,153.6
BFLY,2024-04-01,2024-09-09,23.0,88.2,92.2,39.6
BFLY,2024-08-19,2024-09-09,3.0,100.0,348.4,39.6
BFST,2023-10-23,2024-07-22,39.0,40.0,9.6,6.8
BG,2025-05-12,2025-10-13,22.0,21.7,19.8,23.9
BH,2020-06-15,2020-11-30,24.0,62.1,73.3,35.9
BH,2020-09-21,2020-11-30,10.0,36.2,52.9,35.9
BIIB,2019-07-01,2020-02-03,31.0,44.6,24.2,-9.7
BJRI,2020-10-19,2021-01-04,11.0,42.0,82.2,8.6
BJRI,2025-10-20,2026-05-25,31.0,42.7,15.8,
BKE,2020-06-15,2020-11-09,21.0,80.3,112.1,78.5
BKKT,2024-12-23,2025-09-29,40.0,46.9,-53.5,-81.7
BKSY,2024-02-19,2025-01-20,48.0,23.8,-13.2,32.2
BKU,2024-01-15,2024-07-15,26.0,28.7,28.7,9.7
BLBD,2023-04-10,2024-01-22,41.0,52.6,-2.1,85.2
BLDR,2019-06-10,2019-07-29,7.0,22.3,64.4,31.4
BLDR,2022-10-31,2023-01-30,13.0,44.8,96.3,82.3
BLTE,2025-08-04,2025-10-13,10.0,25.5,168.8,88.6
BLX,2019-05-20,2019-11-04,24.0,12.7,15.5,-48.6
BLZE,2024-12-23,2025-08-11,33.0,23.3,-12.2,-44.1
BLZE,2025-12-01,2026-06-22,29.0,191.8,55.5,
BMA,2019-03-11,2019-06-24,15.0,54.9,-47.5,-50.1
BMA,2021-07-12,2021-09-06,8.0,29.7,4.1,-15.1
BMO,2020-06-15,2020-11-30,24.0,41.6,39.1,40.9
BMO,2020-09-28,2020-11-30,9.0,33.8,58.7,40.9
BMRN,2021-08-02,2021-11-15,15.0,17.1,13.4,-12.8
BN,2023-03-13,2023-12-11,39.0,35.3,26.4,6.8
BNAI,2025-11-10,2026-01-19,10.0,301.0,443.6,
BNS,2023-03-20,2024-03-04,50.0,11.4,0.9,4.0
BNY,2023-04-24,2023-12-11,33.0,23.6,-0.3,14.1
BOH,2023-11-20,2024-10-28,49.0,36.9,4.1,-3.8
BOX,2020-09-14,2021-03-08,25.0,28.5,26.4,-0.4
BPOP,2020-06-15,2021-01-04,29.0,56.8,44.7,27.2
BROS,2023-04-24,2024-03-11,46.0,9.0,-20.5,0.2
BRSL,2020-10-19,2020-12-07,7.0,43.6,61.5,71.2
BSBR,2017-11-20,2018-01-22,9.0,28.7,4.5,-16.2
BSTZ,2023-04-17,2024-02-05,42.0,16.6,-8.2,3.7
BURL,2023-07-03,2024-03-04,35.0,40.3,23.3,20.2
BW,2024-09-16,2025-09-08,51.0,95.8,-38.3,278.1
BWA,2019-05-20,2019-11-04,24.0,31.2,21.2,-35.9
BWA,2024-08-12,2025-07-28,50.0,16.5,-6.8,27.4
BWLP,2022-02-28,2022-05-16,11.0,33.6,18.8,22.6
BZH,2023-03-06,2023-04-10,5.0,16.9,97.6,40.6
CACC,2020-11-30,2021-08-02,35.0,66.4,19.6,-5.7
CACC,2023-04-17,2024-01-29,41.0,18.7,-15.3,-17.6
CACI,2025-07-07,2025-10-20,15.0,21.7,24.5,-11.8
CADL,2024-09-09,2025-02-17,23.0,65.9,24.8,-48.8
CADL,2025-08-18,2026-05-04,37.0,40.3,-14.2,
CAMT,2019-07-01,2019-10-21,16.0,33.1,33.0,-11.0
CAPR,2019-05-06,2020-04-27,51.0,73.1,-47.6,-46.9
CAPR,2022-11-14,2023-08-14,39.0,71.0,11.4,-47.8
CAPR,2025-01-20,2025-12-01,45.0,81.7,-52.3,-0.7
CAR,2020-06-15,2021-02-15,35.0,90.6,41.7,84.2
CAR,2020-10-05,2021-02-15,19.0,54.5,144.0,84.2
CAR,2025-09-22,2026-04-06,28.0,86.0,-7.9,
CARS,2020-09-28,2021-01-18,16.0,58.0,52.6,-9.6
CB,2020-06-15,2021-02-01,33.0,28.5,20.5,8.6
CBAN,2023-09-11,2023-12-18,14.0,31.9,8.5,-12.2
CBRE,2020-03-16,2020-11-30,37.0,91.9,41.5,33.8
CBRE,2020-06-15,2020-11-30,24.0,40.7,35.4,33.8
CBT,2019-05-20,2019-11-04,24.0,23.9,16.4,-34.2
CCB,2020-08-10,2020-11-09,13.0,25.9,60.1,70.3
CCC,2022-11-14,2023-05-22,27.0,19.8,12.7,9.8
CCI,2024-03-18,2024-07-29,19.0,13.9,15.5,-20.2
CCRN,2022-04-18,2022-09-12,21.0,44.6,77.9,-24.6
CCS,2019-06-03,2019-09-09,14.0,6.9,1.3,-19.7
CE,2020-06-15,2020-11-09,21.0,49.8,53.7,31.5
CECO,2020-06-15,2021-03-08,38.0,44.6,14.2,-25.1
CELC,2023-03-06,2023-11-27,38.0,31.3,-19.5,6.2
CERT,2023-02-06,2023-03-27,7.0,27.9,-11.6,-39.7
CF,2020-09-14,2021-01-11,17.0,35.3,44.1,4.8
CG,2023-04-17,2023-12-04,33.0,26.5,-6.0,11.9
CGAU,2023-05-15,2024-05-06,51.0,30.1,4.8,-0.7
CGEM,2023-08-14,2024-01-29,24.0,69.4,74.0,0.1
CHRN,2020-11-30,2021-01-18,7.0,81.2,-2.7,-53.9
CIFR,2024-01-29,2024-03-25,8.0,92.2,61.6,-20.2
CIFR,2024-10-07,2025-08-25,46.0,82.3,-42.2,104.2
CIFR,2025-12-22,2026-05-18,21.0,44.6,70.8,
CIGI,2020-03-16,2020-11-30,37.0,111.8,48.9,23.9
CIGI,2020-06-15,2020-11-30,24.0,52.0,47.4,23.9
CIGI,2020-10-05,2020-11-30,8.0,38.0,52.8,23.9
CLDX,2022-02-28,2022-12-12,41.0,43.6,-0.9,-18.0
CLDX,2022-11-14,2022-12-12,4.0,25.5,-5.2,-18.0
CLF,2020-01-13,2020-10-19,40.0,11.6,-26.6,107.4
CLFD,2025-09-15,2026-05-25,36.0,39.0,-18.3,
CLRO,2024-04-01,2024-12-30,39.0,26.5,-42.0,-49.1
CLSK,2023-05-22,2023-07-10,7.0,63.1,31.9,18.0
CLYM,2024-03-04,2024-04-08,5.0,57.9,170.7,25.8
CLYM,2025-11-10,2025-12-08,4.0,57.9,468.4,281.3
CMPR,2023-03-13,2023-04-24,6.0,57.5,109.2,11.1
CNK,2025-12-22,2026-06-08,24.0,48.8,47.2,
CNM,2022-10-17,2023-04-17,26.0,19.3,19.3,16.3
CNX,2020-01-06,2020-04-13,14.0,36.1,7.9,-4.7
CNX,2022-08-08,2023-07-24,50.0,15.9,-4.8,3.2
CNXN,2020-09-14,2021-01-18,18.0,25.7,11.9,-16.0
COF,2023-04-24,2023-12-11,33.0,35.7,1.7,4.0
COGT,2021-12-20,2022-07-04,28.0,27.5,6.7,12.4
COHR,2023-03-06,2024-02-05,48.0,61.8,-13.9,1.6
COHR,2023-10-23,2024-02-05,15.0,113.9,88.9,1.6
COHU,2019-06-10,2019-11-04,21.0,26.2,31.2,-22.9
COHU,2020-10-12,2020-11-09,4.0,34.7,154.4,41.5
COIN,2023-04-17,2023-07-10,12.0,78.4,26.5,24.2
COIN,2024-08-26,2024-11-04,10.0,47.7,17.6,-26.4
COKE,2020-07-13,2021-03-08,34.0,28.5,11.0,32.3
COLB,2020-10-26,2021-01-04,10.0,42.4,55.8,-8.8
COMP,2023-08-28,2024-05-13,37.0,22.2,9.4,47.0
COMP,2024-04-15,2024-05-13,4.0,32.7,78.7,47.0
COP,2025-06-30,2026-01-26,30.0,13.2,5.0,
CORT,2019-12-23,2020-06-22,26.0,35.5,35.5,63.3
COUR,2023-03-06,2023-08-21,24.0,49.1,59.8,-2.4
CPRI,2025-02-03,2025-11-24,42.0,17.0,-9.2,-27.0
CRAI,2019-05-13,2019-12-02,29.0,35.3,29.4,-16.6
CRAI,2020-09-28,2021-01-11,15.0,52.6,99.0,43.3
CRDO,2023-03-20,2023-11-20,35.0,128.1,80.0,6.0
CRMD,2023-08-07,2024-04-08,35.0,32.7,-27.7,73.3
CROX,2025-07-28,2026-05-18,42.0,13.7,-13.6,
CROX,2025-10-27,2026-05-18,29.0,35.2,27.2,
CROX,2026-03-16,2026-05-18,9.0,45.7,,
CRSP,2019-07-08,2020-06-22,50.0,50.8,22.0,127.6
CSIQ,2018-06-25,2019-01-07,28.0,44.3,18.1,17.8
CSIQ,2018-09-17,2019-01-07,16.0,20.0,27.4,17.8
CSWC,2023-03-06,2023-06-05,13.0,19.3,36.7,23.2
CTGO,2024-11-25,2025-09-15,42.0,70.5,37.9,-28.3
CTOS,2025-02-10,2025-07-28,24.0,22.7,17.3,2.6
CTOS,2025-04-07,2025-07-28,16.0,80.6,80.1,2.6
CTRN,2019-04-22,2019-12-09,33.0,16.3,-2.7,-29.1
CTS,2025-09-01,2026-01-26,21.0,21.6,13.3,
CUE,2023-01-23,2023-04-24,13.0,25.9,11.6,-58.7
CVBF,2024-01-15,2024-11-04,42.0,19.8,2.3,-11.0
CVCO,2022-12-05,2023-02-27,12.0,22.8,16.0,-3.1
CVI,2021-04-12,2022-03-07,47.0,42.1,18.1,54.7
CVI,2022-02-21,2022-03-07,2.0,36.4,124.5,54.7
CVSA,2020-09-14,2021-01-11,17.0,43.0,60.5,-4.5
CWH,2022-10-24,2023-06-26,35.0,15.0,-16.3,-11.8
CX,2020-03-02,2020-11-09,36.0,52.1,8.9,87.8
CXW,2021-04-19,2022-04-11,51.0,64.4,10.0,-30.1
CYRX,2018-12-03,2019-05-13,23.0,56.3,56.0,-11.6
CZR,2020-10-19,2020-11-23,5.0,28.2,75.1,53.3
DAL,2021-01-04,2021-02-22,7.0,19.8,7.2,-13.4
DASH,2023-03-20,2023-07-10,16.0,38.4,25.6,24.0
DAVE,2023-11-27,2024-01-15,7.0,98.7,627.9,204.9
DBRG,2025-11-17,2025-12-01,2.0,54.0,71.5,11.1
DBX,2023-03-06,2023-06-12,14.0,35.8,45.8,14.1
DCO,2022-08-01,2023-01-09,23.0,25.8,23.5,-19.1
DD,2020-10-26,2020-11-23,4.0,14.0,36.8,32.1
DDOG,2025-09-15,2025-11-03,7.0,37.8,-9.9,4.7
DDS,2017-12-11,2018-02-26,11.0,51.6,56.8,-10.5
DDS,2020-11-16,2021-01-18,9.0,72.4,190.2,129.0
DDS,2023-09-11,2023-12-11,13.0,31.4,41.6,4.8
DELL,2019-12-23,2020-07-13,29.0,18.4,2.5,23.0
DFTX,2023-08-21,2024-02-12,25.0,29.5,29.2,29.3
DFTX,2025-02-17,2025-08-18,26.0,33.6,33.6,68.1
DGII,2024-05-06,2024-11-04,26.0,18.1,18.1,1.3
DHC,2023-04-10,2023-06-05,8.0,150.0,78.2,-5.9
DHC,2024-11-04,2025-09-01,43.0,58.9,15.9,68.9
DIOD,2020-06-15,2020-10-05,16.0,28.1,36.6,25.6
DIOD,2023-01-02,2023-01-30,4.0,18.3,10.4,-8.5
DK,2023-11-06,2024-03-18,19.0,21.2,9.0,-34.5
DK,2025-02-17,2025-06-30,19.0,43.4,53.6,31.2
DKNG,2025-01-06,2025-02-10,5.0,35.5,8.8,-16.0
DLTR,2025-03-24,2025-07-07,15.0,50.3,30.7,21.0
DMRA,2022-10-10,2023-01-30,16.0,42.3,-0.3,-0.7
DNOW,2023-09-04,2024-02-26,25.0,25.6,30.4,-8.2
DNTH,2023-09-04,2024-01-22,20.0,47.0,106.7,62.0
DOCN,2025-07-14,2025-11-03,16.0,67.6,78.7,231.3
DOO,2019-04-22,2019-10-14,25.0,34.7,36.6,-57.3
DORM,2023-03-06,2024-02-26,51.0,11.7,-5.8,21.7
DOV,2020-06-15,2020-11-09,21.0,29.4,31.6,24.8
DOW,2025-12-01,2026-03-09,14.0,61.4,51.2,
DQ,2019-04-01,2019-06-03,9.0,17.0,25.2,7.9
DQ,2025-02-24,2025-09-01,27.0,44.2,25.2,-24.1
DRD,2019-04-01,2019-06-17,11.0,51.4,149.9,65.9
DRTS,2025-03-03,2025-09-15,28.0,47.7,30.2,72.9
DRUG,2024-08-19,2024-10-14,8.0,4574.3,3463.4,-29.9
DRUG,2025-03-03,2025-09-15,28.0,54.4,22.4,34.4
DRVN,2024-04-29,2024-11-04,27.0,41.1,27.3,8.1
DUOT,2020-03-02,2021-02-08,49.0,17.8,-30.9,-9.3
DUOT,2024-07-01,2024-11-25,21.0,99.6,172.2,38.3
DXPE,2022-10-31,2023-06-05,31.0,22.5,-15.6,-9.9
DY,2020-06-15,2020-08-24,10.0,47.5,81.3,33.1
DYN,2025-12-01,2026-06-29,30.0,13.8,-16.0,
EBC,2023-12-04,2024-07-08,31.0,17.0,2.8,13.1
EBS,2019-12-23,2020-02-17,8.0,22.1,39.4,94.2
EBS,2024-05-20,2024-07-01,6.0,66.6,99.2,30.1
EBS,2025-09-22,2025-10-27,5.0,40.1,-11.0,-32.1
ECHO,2023-04-03,2023-08-07,18.0,27.6,-20.4,-41.2
ECPG,2020-10-05,2021-05-31,34.0,23.2,1.0,24.0
ECPG,2025-03-24,2025-11-24,35.0,51.5,27.6,54.0
EDSA,2019-03-18,2019-05-27,10.0,69.6,-3.6,-57.3
EFOR,2019-05-27,2019-12-09,28.0,37.7,32.1,-15.5
EFSC,2023-08-21,2024-07-15,47.0,25.2,6.2,22.8
EFXT,2021-04-12,2021-10-04,25.0,24.5,39.8,-9.8
EGO,2023-03-27,2023-11-27,35.0,30.5,-14.0,19.6
EGP,2020-06-15,2020-10-05,16.0,25.3,17.4,3.5
EGY,2018-01-29,2018-05-07,14.0,80.6,259.5,37.7
EGY,2023-04-03,2024-03-11,49.0,32.2,-9.5,3.0
EGY,2023-07-31,2024-03-11,32.0,33.6,-1.7,3.0
EGY,2025-10-27,2026-01-12,11.0,16.7,70.0,20.6
EH,2024-11-11,2025-02-10,13.0,54.4,14.9,-30.0
EHC,2022-05-16,2022-12-19,31.0,16.4,9.9,10.3
ELVA,2025-01-06,2025-05-12,18.0,23.6,55.7,56.3
ELVA,2025-04-21,2025-05-12,3.0,12.6,144.4,56.3
EMN,2019-05-20,2019-11-04,24.0,24.0,14.7,-23.7
ENPH,2017-09-18,2017-11-06,7.0,39.7,242.6,158.4
ENTG,2025-11-10,2026-01-12,9.0,49.9,70.3,18.4
ENVA,2020-09-14,2020-12-21,14.0,55.8,121.1,34.9
ENVA,2022-12-12,2023-01-30,7.0,41.7,38.7,3.4
EPC,2020-03-16,2020-11-09,34.0,43.3,17.7,24.1
EQR,2021-01-25,2021-03-08,6.0,19.1,38.7,12.7
EQX,2023-03-28,2024-03-26,52.0,16.1,-22.9,-0.7
ERAS,2024-06-24,2024-07-08,2.0,25.8,7.6,-20.4
ERAS,2025-07-07,2025-11-24,20.0,118.6,366.2,305.0
ERNA,2020-10-12,2021-01-25,15.0,81.4,84.7,47.3
ESRT,2023-03-06,2023-07-24,20.0,16.5,16.3,15.7
ESRT,2023-06-19,2023-07-24,5.0,32.3,45.3,15.7
ESTA,2024-12-09,2025-10-13,44.0,2.8,-18.6,41.9
ESTA,2025-09-15,2025-10-13,4.0,19.8,58.8,41.9
ETON,2020-02-10,2020-09-07,30.0,9.8,1.0,6.6
ETON,2024-07-22,2024-09-09,7.0,43.9,365.6,202.5
ETR,2020-09-14,2021-08-09,47.0,19.4,5.1,-1.9
EVC,2020-09-07,2020-11-16,10.0,97.0,199.8,70.8
EVER,2022-04-11,2023-01-16,40.0,17.4,-60.4,-60.2
EVLV,2025-02-17,2025-05-12,12.0,52.1,133.1,9.9
EW,2023-07-31,2024-03-25,34.0,20.1,8.2,-30.3
EWBC,2020-02-24,2020-12-21,43.0,33.2,-1.0,48.6
EWTX,2025-02-17,2026-01-19,48.0,5.7,-45.1,
EXK,2019-10-07,2020-07-13,40.0,37.1,-31.9,46.2
EXK,2024-09-16,2025-07-07,42.0,57.4,25.6,81.8
EXTR,2022-03-28,2022-10-24,30.0,45.6,6.5,-0.4
EYE,2025-02-03,2025-05-05,13.0,48.3,95.5,40.5
EYPT,2017-12-11,2018-04-23,19.0,102.7,80.5,-3.1
EYPT,2023-05-22,2023-07-17,8.0,92.4,3.5,95.6
F,2023-04-17,2023-06-26,10.0,29.7,0.9,-17.3
FANG,2025-11-10,2026-01-26,11.0,9.9,38.0,
FBK,2023-11-06,2023-12-11,5.0,28.0,27.2,-7.9
FBNC,2023-08-28,2024-07-15,46.0,28.2,12.7,16.9
FBNC,2024-02-19,2024-07-15,21.0,13.2,27.5,16.9
FBRX,2020-05-04,2020-09-14,19.0,208.5,115.6,-43.6
FBRX,2024-05-20,2024-11-25,27.0,49.7,10.3,-60.8
FBRX,2025-05-26,2025-12-15,29.0,249.3,118.4,-39.9
FCEL,2025-11-17,2026-04-20,22.0,79.2,300.8,
FDMT,2023-07-17,2024-02-05,29.0,58.8,-5.5,-48.3
FDX,2025-09-08,2025-12-08,13.0,23.9,54.6,49.0
FHN,2020-06-15,2021-02-08,34.0,55.7,23.0,5.7
FIBK,2024-01-15,2024-07-15,26.0,10.8,10.8,7.8
FIGS,2024-09-09,2025-08-11,48.0,26.0,-15.8,47.9
FIVE,2025-01-06,2025-06-02,21.0,23.4,25.4,36.0
FLEX,2019-06-03,2019-10-21,20.0,22.0,20.4,-30.2
FLEX,2020-08-31,2020-10-12,6.0,32.3,57.6,31.4
FLG,2020-08-10,2021-02-15,27.0,17.8,10.3,9.8
FLG,2023-03-06,2023-04-24,7.0,45.0,66.2,-10.6
FLS,2022-05-23,2023-02-06,37.0,18.2,1.6,9.1
FMBH,2023-09-04,2023-12-11,14.0,27.2,14.6,-11.2
FNB,2020-06-15,2021-02-15,35.0,57.4,25.8,0.1
FND,2023-03-06,2024-02-19,50.0,35.0,8.0,-4.7
FORM,2023-03-13,2023-07-24,19.0,25.9,7.1,11.4
FRME,2023-11-27,2024-07-15,33.0,21.3,2.4,5.8
FSBC,2024-01-29,2024-07-15,24.0,23.2,17.8,8.4
FSLY,2025-01-20,2025-11-03,41.0,12.5,-30.4,77.4
FSM,2019-12-16,2020-05-25,23.0,33.6,26.2,39.9
FSM,2023-02-27,2023-11-27,39.0,17.4,-13.1,54.5
FTAI,2020-06-15,2020-11-16,22.0,78.1,103.9,48.4
FTAI,2025-05-12,2025-09-15,18.0,52.0,34.8,29.1
FUBO,2020-08-10,2020-11-16,14.0,117.6,329.3,-14.2
FUBO,2024-01-15,2025-01-06,51.0,96.5,-44.6,-35.2
FUBO,2024-09-23,2025-01-06,15.0,250.0,98.6,-35.2
GAP,2020-03-09,2020-10-05,30.0,83.2,53.9,65.1
GAP,2023-01-09,2023-11-13,44.0,44.7,-26.1,22.7
GAP,2025-01-13,2025-05-19,18.0,22.5,-12.5,-11.0
GBCI,2020-08-10,2020-12-14,18.0,26.4,42.0,16.7
GBX,2019-12-30,2020-10-05,40.0,9.8,-28.8,38.3
GCO,2020-12-28,2021-02-01,5.0,43.3,108.5,31.5
GCO,2024-01-01,2024-12-02,48.0,31.8,-22.3,-44.6
GCO,2024-07-01,2024-12-02,22.0,69.7,76.9,-44.6
GDYN,2020-03-16,2021-01-18,44.0,133.0,35.4,44.6
GEF,2020-07-13,2020-11-09,17.0,25.3,41.3,45.1
GENI,2023-12-04,2024-08-19,37.0,45.9,0.9,15.9
GFI,2021-08-02,2022-02-14,28.0,50.7,20.3,-33.1
GFI,2024-02-12,2024-04-01,7.0,30.1,25.1,-9.7
GFS,2025-09-15,2026-02-09,21.0,48.9,30.9,
GGAL,2019-03-11,2019-07-08,17.0,35.4,-60.2,-56.8
GHRS,2026-02-09,2026-04-13,9.0,24.8,,
GKOS,2022-05-09,2023-05-08,52.0,52.2,34.6,2.9
GL,2024-07-15,2025-02-24,32.0,45.0,34.6,10.3
GLBE,2024-03-25,2024-11-18,34.0,37.2,4.7,-36.7
GLUE,2024-09-09,2024-10-28,7.0,46.4,3.1,-44.2
GLUE,2026-02-09,2026-07-13,22.0,37.1,,
GM,2023-03-20,2024-02-26,49.0,23.0,-2.8,21.8
GMED,2020-07-27,2020-11-23,17.0,24.4,28.0,20.3
GMED,2023-08-28,2024-05-06,36.0,19.3,0.4,25.0
GMED,2024-03-11,2024-05-06,8.0,25.9,35.7,25.0
GNK,2023-03-27,2024-02-19,47.0,31.0,-8.7,-8.4
GNK,2023-09-04,2024-02-19,24.0,45.3,54.6,-8.4
GNRC,2023-09-04,2024-07-08,44.0,33.7,1.7,2.3
GNW,2017-12-18,2018-06-11,25.0,45.3,40.9,-4.3
GOOS,2020-12-28,2021-11-01,44.0,62.1,44.5,-58.6
GPK,2019-03-04,2019-07-22,20.0,25.6,15.1,9.4
GPRK,2023-11-20,2024-05-27,27.0,13.9,7.1,-3.9
GRC,2023-03-06,2023-07-24,20.0,23.1,32.6,11.1
GRFS,2024-08-12,2025-07-07,47.0,38.0,3.7,-2.2
GRPN,2024-09-02,2025-03-24,29.0,72.0,-3.7,20.8
GSAT,2020-01-27,2021-01-04,49.0,16.7,-18.7,203.6
GSAT,2020-07-20,2021-01-04,24.0,51.4,181.1,203.6
GSAT,2021-05-24,2021-09-06,15.0,62.5,-10.6,-56.5
GSAT,2024-09-09,2024-12-02,12.0,88.9,21.5,-40.0
GSIT,2025-08-25,2026-05-11,37.0,227.9,177.6,
GSIT,2026-04-20,2026-05-11,3.0,23.1,,
GSL,2020-08-17,2020-11-16,13.0,63.6,153.6,87.2
GTX,2021-01-25,2021-05-24,17.0,38.0,3.4,-13.3
GTX,2022-08-29,2023-01-30,22.0,27.2,20.2,-10.6
GVA,2020-06-15,2021-01-04,29.0,79.8,42.2,18.5
H,2021-01-04,2021-11-01,43.0,23.1,6.9,-6.6
HAFC,2023-11-27,2024-07-15,33.0,13.9,-8.0,19.4
HBAN,2020-06-15,2021-01-04,29.0,44.1,23.7,0.9
HBM,2019-01-21,2019-04-08,11.0,33.2,-15.0,-53.5
HBM,2023-09-18,2024-02-26,23.0,29.8,46.7,34.4
HBNC,2024-01-29,2024-07-15,24.0,18.8,18.7,10.1
HCC,2020-10-19,2021-01-04,11.0,53.7,17.9,-22.3
HCC,2021-04-26,2021-08-30,18.0,56.4,52.1,56.1
HCSG,2020-03-30,2021-01-04,40.0,54.6,9.6,1.6
HCSG,2020-08-24,2021-01-04,19.0,48.4,35.8,1.6
HE,2024-11-04,2025-08-18,41.0,14.7,-1.4,30.0
HE,2025-05-12,2025-08-18,14.0,14.9,9.7,30.0
HII,2020-06-15,2021-03-22,40.0,16.0,-3.8,-2.8
HIMX,2020-03-23,2020-11-16,34.0,99.5,29.3,100.8
HIMX,2020-10-26,2020-11-16,3.0,46.1,271.7,100.8
HIMX,2024-01-29,2024-06-17,20.0,43.8,10.3,-2.6
HIMX,2025-05-12,2026-03-09,43.0,24.0,-6.8,
HIW,2020-03-16,2021-03-08,51.0,64.5,28.9,0.3
HIW,2020-06-15,2021-03-08,38.0,18.3,4.1,0.3
HL,2019-04-08,2019-12-02,34.0,25.6,-14.0,14.6
HL,2019-09-16,2019-12-02,11.0,40.6,-16.0,14.6
HLIO,2020-09-14,2020-11-09,8.0,26.2,93.3,62.7
HLX,2017-12-18,2018-01-08,3.0,14.5,0.7,-1.7
HOG,2022-01-17,2022-10-24,40.0,30.9,4.4,-13.6
HOMB,2020-09-14,2021-01-04,16.0,32.8,80.9,18.6
HON,2020-06-15,2020-11-02,20.0,27.5,46.0,25.3
HOPE,2023-11-27,2024-07-15,33.0,26.3,4.9,-2.6
HPE,2020-06-15,2021-02-08,34.0,49.9,26.2,5.8
HPP,2020-06-15,2021-03-08,38.0,14.7,-2.2,-6.4
HPP,2021-02-08,2021-03-08,4.0,16.4,11.3,-6.4
HRI,2020-06-15,2020-11-09,21.0,77.0,111.6,107.4
HRMY,2023-09-18,2024-09-09,51.0,7.2,-8.2,-15.9
HRMY,2024-05-27,2024-09-09,15.0,32.3,17.9,-15.9
HROW,2020-09-28,2021-01-04,14.0,43.9,26.4,9.1
HROW,2021-12-06,2022-09-26,42.0,32.2,-17.7,75.3
HROW,2024-05-06,2024-07-01,8.0,90.7,352.7,64.3
HTH,2020-06-15,2020-11-30,24.0,41.7,52.5,48.6
HTH,2020-09-14,2020-11-30,11.0,35.3,102.4,48.6
HTHT,2019-11-04,2020-08-24,42.0,23.1,-9.7,28.4
HTLD,2025-09-15,2026-02-02,20.0,37.5,15.7,
HUBG,2025-10-20,2026-01-05,11.0,30.9,21.3,0.1
HUBS,2024-09-09,2024-11-11,9.0,37.8,24.0,-2.4
HUT,2021-07-26,2021-08-30,5.0,125.6,16.7,-50.1
HUT,2023-04-10,2023-07-03,12.0,78.4,-19.5,-37.4
HUT,2023-08-14,2024-07-15,48.0,62.7,-16.0,37.9
HUT,2024-01-29,2024-07-15,24.0,168.1,70.3,37.9
HUT,2024-10-07,2025-09-08,48.0,176.8,3.8,49.0
HWC,2019-06-10,2019-12-16,27.0,12.3,9.5,-47.5
HWM,2020-06-15,2020-12-07,25.0,89.6,95.6,33.8
HZO,2019-12-02,2020-01-20,7.0,35.7,34.4,26.8
IAG,2024-01-15,2024-03-25,10.0,43.5,72.8,58.6
IBP,2022-12-05,2023-01-23,7.0,24.0,35.1,39.1
ICHR,2020-10-12,2021-01-11,13.0,58.4,135.3,14.0
ICHR,2023-03-13,2023-06-12,13.0,25.8,3.0,-16.9
ICHR,2025-12-08,2026-02-09,9.0,162.5,387.1,
ICL,2020-09-28,2020-11-23,8.0,28.8,59.9,52.2
ICL,2024-05-27,2025-01-13,33.0,29.1,-1.1,17.8
ICUI,2024-04-01,2024-08-05,18.0,50.2,76.2,2.6
IDR,2022-12-26,2023-11-27,48.0,20.2,-6.3,44.2
IEP,2020-03-23,2021-02-01,45.0,36.2,5.3,5.6
IEP,2020-09-21,2021-02-01,19.0,29.3,22.9,5.6
IEP,2025-08-25,2026-04-20,34.0,8.5,0.9,
IHS,2024-09-09,2025-02-10,22.0,27.8,22.3,78.2
IIIN,2020-02-03,2021-01-04,48.0,19.2,-9.7,37.0
IIIN,2020-06-15,2021-01-04,29.0,54.0,47.3,37.0
IMKTA,2018-02-05,2018-08-20,28.0,14.9,8.6,-15.9
IMKTA,2020-06-22,2021-01-18,30.0,9.0,1.9,37.5
IMNM,2022-12-19,2023-05-08,20.0,116.8,76.8,18.4
INDB,2020-06-15,2021-01-11,30.0,20.3,11.7,-9.5
INDB,2024-01-15,2024-11-04,42.0,23.6,-1.4,-12.6
ING,2020-11-30,2021-02-15,11.0,8.7,39.4,23.2
ING,2022-06-06,2023-01-23,33.0,42.0,18.1,5.5
INHD,2025-03-03,2025-04-21,7.0,94.0,114.4,-87.9
INMD,2022-12-19,2023-07-10,29.0,27.1,1.7,-53.8
INN,2025-10-20,2026-05-25,31.0,12.5,-8.0,
INOD,2019-11-04,2020-05-18,28.0,9.1,-23.5,161.1
INOD,2024-03-18,2024-06-03,11.0,131.5,121.8,206.0
INOD,2024-09-09,2025-09-08,52.0,298.5,206.9,-32.1
INSM,2019-09-16,2020-02-03,20.0,68.1,-26.9,-6.6
INSM,2020-03-09,2020-09-14,27.0,63.3,38.7,12.4
INSM,2022-11-28,2023-09-04,40.0,28.9,-4.1,5.9
INSM,2023-03-06,2023-09-04,26.0,46.1,46.1,5.9
INSW,2021-04-19,2022-04-04,50.0,20.8,10.2,74.6
INTA,2024-02-26,2024-08-26,26.0,21.1,21.1,42.8
INTC,2025-02-17,2025-09-15,30.0,18.9,-0.3,48.3
INVX,2021-04-12,2022-03-07,47.0,35.7,-14.5,-41.9
IONQ,2025-02-10,2025-09-08,30.0,48.5,7.4,-40.7
IONS,2018-04-16,2018-11-26,32.0,20.2,-6.8,12.5
IONS,2018-07-30,2018-11-26,17.0,33.6,34.1,12.5
IOVA,2019-05-06,2019-06-03,4.0,72.1,113.0,29.5
IOVA,2020-08-03,2020-11-30,17.0,47.5,69.9,-58.4
IOVA,2023-08-07,2024-01-08,22.0,27.6,30.0,-3.1
IP,2020-06-15,2020-10-12,17.0,35.4,47.0,25.9
IPGP,2019-05-27,2020-05-18,51.0,25.7,13.5,27.5
IPGP,2019-12-09,2020-05-18,23.0,8.8,8.0,27.5
IPGP,2020-03-16,2020-05-18,9.0,44.3,53.3,27.5
IPI,2021-04-19,2021-10-11,25.0,37.5,61.6,170.3
IR,2025-09-01,2026-02-02,22.0,21.7,6.8,
IRDM,2020-03-16,2020-11-16,35.0,63.7,40.1,15.8
IRDM,2020-06-15,2020-11-16,22.0,24.2,41.5,15.8
IREN,2024-08-12,2025-06-30,46.0,111.0,63.2,153.9
IRM,2020-06-15,2021-01-25,32.0,33.3,16.7,34.0
IRON,2022-09-12,2023-08-21,49.0,33.6,-47.4,17.5
IT,2020-03-09,2021-01-04,43.0,59.1,19.1,51.9
ITIC,2023-03-06,2023-12-18,41.0,17.3,3.8,7.3
ITT,2020-06-15,2020-11-23,23.0,36.4,41.2,25.8
IVZ,2019-12-09,2020-11-30,51.0,7.3,-39.1,66.7
IVZ,2020-09-14,2020-11-30,11.0,63.8,135.8,66.7
JAZZ,2025-07-28,2025-11-17,16.0,53.2,42.4,35.6
JBGS,2020-03-23,2021-03-08,50.0,11.9,-14.1,-11.6
JBGS,2023-09-11,2024-08-19,49.0,21.6,12.6,-13.2
JBI,2022-09-19,2023-07-24,44.0,26.5,9.4,23.4
JBLU,2024-04-08,2024-10-14,27.0,19.3,-0.4,-54.4
JEF,2020-03-23,2020-11-09,33.0,66.5,30.2,41.2
JHX,2023-04-17,2023-06-12,8.0,21.6,8.7,26.0
JKS,2020-06-15,2020-09-21,14.0,121.9,306.8,23.5
JKS,2021-12-27,2022-06-27,26.0,46.3,46.3,-39.2
JOBY,2022-09-12,2023-06-05,38.0,27.0,-29.0,-5.6
JOBY,2024-09-09,2024-11-18,10.0,30.6,14.9,-6.5
JOE,2020-06-15,2020-08-24,10.0,21.2,125.0,116.1
JPM,2020-06-15,2021-01-04,29.0,42.8,24.1,15.9
JXN,2023-01-02,2023-01-30,4.0,31.6,-10.2,-27.8
KALU,2020-07-13,2021-01-04,25.0,59.3,53.2,15.2
KB,2023-04-24,2024-01-29,40.0,35.5,4.8,27.3
KBR,2020-06-15,2020-12-28,28.0,27.9,21.9,24.5
KC,2025-05-26,2026-04-13,46.0,63.0,10.7,
KC,2025-08-18,2026-04-13,34.0,22.9,-6.7,
KD,2023-06-19,2023-08-28,10.0,31.3,58.9,31.9
KEP,2023-08-14,2024-02-19,27.0,34.8,18.3,-10.7
KEY,2020-06-15,2021-02-08,34.0,46.6,18.5,10.3
KEY,2023-08-07,2024-03-04,30.0,35.9,24.6,8.0
KFRC,2020-09-14,2020-11-23,10.0,24.3,57.3,50.6
KFRC,2026-03-30,2026-05-25,8.0,57.0,,
KFY,2023-04-10,2023-12-11,35.0,13.8,-3.8,16.7
KGS,2025-05-12,2026-02-02,38.0,44.5,-2.4,
KGS,2025-10-27,2026-02-02,14.0,37.2,90.2,
KMT,2020-01-20,2020-11-30,45.0,12.2,-20.9,2.3
KMX,2023-04-24,2024-03-25,48.0,24.4,-13.6,-11.2
KN,2024-03-11,2024-07-08,17.0,22.8,13.7,3.9
KNSA,2022-10-17,2023-07-24,40.0,51.5,-6.8,-3.9
KNSL,2021-10-25,2022-07-25,39.0,30.2,18.6,12.4
KNTK,2025-10-27,2026-03-23,21.0,28.7,33.1,
KNX,2025-08-11,2026-01-05,21.0,35.6,41.2,32.3
KODK,2025-09-15,2025-12-01,11.0,42.0,26.5,3.1
KOP,2020-10-26,2021-01-11,11.0,59.4,48.2,-18.0
KOP,2025-09-08,2026-02-16,23.0,22.5,32.0,
KR,2018-04-09,2018-08-13,18.0,33.4,14.6,-5.0
KRC,2020-06-15,2021-03-08,38.0,13.4,-8.0,-6.5
KRG,2020-12-28,2021-02-08,6.0,21.8,47.7,11.5
KYMR,2023-03-06,2024-02-05,48.0,25.8,-36.0,11.4
LAND,2025-12-15,2026-01-26,6.0,28.1,1.4,
LAZ,2019-05-27,2019-11-04,23.0,26.5,27.2,-28.5
LAZ,2019-09-23,2019-11-04,6.0,12.3,-28.1,-28.5
LBRDA,2024-12-09,2025-05-12,22.0,22.6,11.7,-50.3
LBRDK,2024-12-09,2025-05-12,22.0,23.0,12.0,-50.4
LBRT,2020-11-09,2020-11-30,3.0,32.6,71.4,57.9
LEGN,2022-08-08,2023-01-09,22.0,22.1,4.3,21.1
LEU,2020-10-26,2021-08-30,44.0,225.6,135.7,28.4
LEU,2024-07-01,2024-09-23,12.0,39.5,95.3,14.8
LFUS,2022-09-05,2023-06-26,42.0,26.7,13.0,-7.7
LGND,2020-03-30,2020-06-01,9.0,66.6,32.7,-29.0
LII,2022-12-12,2023-01-30,7.0,12.0,27.3,36.4
LINC,2020-12-07,2021-06-21,28.0,26.5,23.5,-4.9
LKFN,2023-09-18,2024-01-22,18.0,59.8,39.8,-0.1
LMB,2022-01-31,2022-11-07,40.0,17.2,-33.7,101.7
LMND,2024-09-16,2025-08-11,47.0,212.8,88.5,11.1
LNTH,2019-01-28,2019-02-18,3.0,42.1,33.5,-8.4
LNTH,2023-10-23,2024-07-08,37.0,84.7,-1.9,-22.3
LNTH,2024-01-15,2024-07-08,25.0,132.5,120.0,-22.3
LOB,2020-07-13,2020-08-17,5.0,27.1,218.7,148.7
LOGI,2023-02-13,2023-07-24,23.0,23.6,14.6,21.7
LOPE,2020-08-17,2021-02-08,25.0,18.4,22.6,-17.3
LPTH,2023-10-30,2024-10-14,50.0,3.8,-10.1,23.2
LQDT,2018-06-04,2019-01-07,31.0,36.6,16.2,-26.3
LSCC,2024-12-09,2025-09-15,40.0,13.7,-24.6,22.8
LSCC,2025-03-24,2025-09-15,25.0,30.5,29.0,22.8
LTBR,2020-08-10,2021-02-08,26.0,71.7,71.7,-32.3
LTBR,2021-04-05,2021-10-25,29.0,48.4,-27.0,-27.0
LTBR,2024-10-07,2024-10-14,1.0,121.1,153.9,7.0
LTRX,2019-07-22,2019-12-30,23.0,11.7,20.0,-4.9
LTRX,2024-09-02,2025-08-25,51.0,34.3,-24.1,20.3
LUMN,2025-05-26,2025-10-27,22.0,162.2,106.9,-9.3
LUMN,2025-12-08,2026-05-25,24.0,29.3,-0.1,
LUNR,2024-05-20,2024-11-04,24.0,89.7,194.7,-5.0
LVS,2025-01-13,2025-08-11,30.0,23.0,11.0,7.5
LW,2020-12-14,2021-03-01,11.0,9.4,-0.3,-25.4
LWLG,2024-11-18,2025-09-15,43.0,40.6,-64.8,61.6
LXU,2025-02-24,2025-10-20,34.0,30.2,13.5,50.8
LYB,2025-07-07,2026-03-09,35.0,19.4,-20.5,
LYFT,2025-06-16,2025-09-08,12.0,28.1,33.7,-29.8
LYG,2021-01-25,2022-01-03,49.0,63.8,41.8,-26.3
M,2025-01-27,2025-09-01,31.0,14.5,-18.3,7.4
MAC,2023-06-26,2023-12-04,23.0,22.5,41.2,13.8
MANH,2022-12-05,2023-03-27,16.0,29.7,55.6,27.6
MANU,2024-10-14,2025-06-23,36.0,10.3,-15.7,-12.7
MARA,2024-05-20,2024-11-25,27.0,29.3,22.7,-48.5
MARA,2024-08-19,2024-11-25,14.0,46.7,-21.6,-48.5
MAT,2020-03-02,2020-11-16,37.0,28.9,-7.4,33.7
MAT,2020-06-15,2020-11-16,22.0,52.7,84.0,33.7
MATW,2020-11-30,2021-02-08,10.0,17.4,36.3,3.7
MAX,2025-09-15,2026-06-29,41.0,3.9,-25.8,
MBIN,2020-03-16,2020-09-14,26.0,52.1,52.1,86.5
MBIN,2026-01-19,2026-02-09,3.0,36.6,,
MCHP,2019-03-25,2019-12-09,37.0,24.6,11.0,-1.7
MCRI,2020-03-23,2020-12-14,38.0,130.5,81.8,13.7
MCY,2020-03-16,2020-12-14,39.0,50.0,26.1,16.5
MCY,2020-06-08,2020-12-14,27.0,29.2,16.8,16.5
MCY,2020-09-14,2020-12-14,13.0,19.0,42.5,16.5
MCY,2023-03-06,2023-11-27,38.0,31.9,-5.9,45.5
MCY,2023-09-04,2023-11-27,12.0,40.1,75.5,45.5
MCY,2025-05-12,2025-09-08,17.0,29.6,43.9,12.9
MD,2020-11-30,2021-01-25,8.0,21.0,41.8,6.8
MDB,2025-02-03,2025-10-27,38.0,29.5,-24.7,-26.8
MDGL,2020-08-03,2021-04-26,38.0,29.3,14.5,-42.9
MDGL,2022-06-13,2022-12-19,27.0,289.1,-9.3,-13.1
MDU,2020-06-15,2021-03-01,37.0,47.4,23.9,6.2
MEI,2026-01-05,2026-05-11,18.0,53.1,129.5,
MELI,2018-07-02,2019-02-25,34.0,44.3,0.8,31.7
MEOH,2020-01-06,2020-11-23,46.0,13.0,-49.9,-15.6
MET,2020-03-16,2021-01-11,43.0,118.0,67.0,14.5
MGA,2019-05-27,2019-11-04,23.0,32.7,30.0,-28.7
MGA,2025-01-06,2025-08-11,31.0,16.4,9.0,55.1
MGM,2019-04-29,2019-07-22,12.0,17.8,12.0,4.5
MGM,2025-09-29,2026-05-25,34.0,28.7,8.1,
MGRC,2020-06-15,2021-02-08,34.0,55.2,26.3,-11.6
MGRC,2020-09-14,2021-02-08,21.0,35.2,40.3,-11.6
MGTX,2021-01-25,2021-10-18,38.0,50.7,-2.4,-41.8
MHK,2023-03-06,2024-02-12,49.0,17.9,-3.9,26.9
MHO,2025-10-06,2026-06-22,37.0,25.2,-4.7,
MIDD,2020-10-26,2020-11-02,1.0,23.2,82.2,49.1
MIDD,2025-08-11,2026-02-23,28.0,27.3,23.6,
MITK,2022-12-05,2023-07-31,34.0,15.1,-0.7,7.4
MKSI,2025-02-24,2025-09-15,29.0,40.7,13.1,77.0
MLCO,2022-11-07,2022-12-05,4.0,53.4,51.6,6.9
MLKN,2023-04-03,2023-10-30,30.0,38.8,33.4,6.7
MLM,2020-06-15,2020-11-30,24.0,35.7,31.6,23.9
MLTX,2022-10-31,2023-01-02,9.0,47.5,217.0,306.0
MLYS,2024-08-19,2025-03-17,30.0,45.3,-17.7,132.8
MLYS,2025-02-17,2025-03-17,4.0,76.5,55.7,132.8
MMYT,2022-10-17,2023-08-07,42.0,29.2,-18.4,61.7
MNPR,2024-03-25,2024-09-23,26.0,99.1,98.8,495.7
MNPR,2025-05-12,2025-09-08,17.0,32.5,109.9,22.6
MNPR,2025-08-18,2025-09-08,3.0,53.5,72.8,22.6
MOD,2020-09-07,2020-11-02,8.0,56.4,155.9,76.8
MORN,2023-03-06,2023-09-04,26.0,32.7,32.7,22.4
MOS,2020-11-09,2020-11-23,2.0,25.9,103.3,60.0
MOV,2020-12-28,2021-01-11,2.0,27.6,90.0,40.2
MRAM,2023-03-20,2023-06-26,14.0,44.4,47.2,-1.8
MRNA,2025-10-13,2026-01-12,13.0,60.8,106.5,47.8
MRTN,2019-04-29,2019-09-09,19.0,13.8,13.9,-18.6
MRVL,2023-04-17,2023-05-22,5.0,67.9,27.1,-14.3
MSTR,2023-04-10,2023-07-03,12.0,14.1,-4.7,65.8
MSTR,2024-09-02,2024-10-07,5.0,86.0,151.3,41.1
MTH,2025-10-06,2026-06-22,37.0,30.6,1.4,
MTSI,2019-04-08,2019-09-09,22.0,40.9,37.0,-13.4
MTZ,2020-06-15,2020-12-07,25.0,51.8,47.7,72.5
MTZ,2020-09-14,2020-12-07,12.0,56.4,112.4,72.5
MU,2023-02-27,2023-05-22,12.0,30.5,24.5,4.3
MUX,2020-09-07,2021-05-24,37.0,16.7,-10.3,-29.9
MUX,2023-05-15,2024-03-25,45.0,25.0,-5.8,-2.2
MUX,2024-09-09,2025-06-30,42.0,20.1,-21.2,64.3
NAMS,2024-05-13,2024-11-04,25.0,20.1,23.9,-23.8
NAT,2018-12-10,2019-10-07,43.0,70.2,-10.0,-5.0
NAT,2019-06-24,2019-10-07,15.0,77.8,108.3,-5.0
NBHC,2024-01-22,2024-06-24,22.0,10.2,22.3,11.9
NBTB,2023-08-28,2024-07-15,46.0,33.6,0.6,7.3
NBTB,2024-03-11,2024-07-15,18.0,34.3,34.0,7.3
NEOG,2019-10-21,2020-08-03,41.0,26.2,-0.6,4.9
NET,2026-05-11,2026-07-06,8.0,35.9,,
NEXA,2019-12-23,2020-12-21,52.0,12.1,-12.4,8.8
NEXA,2020-11-02,2020-12-21,7.0,22.9,53.2,8.8
NEXT,2021-06-28,2022-03-21,38.0,58.2,-29.1,1.3
NEXT,2021-12-20,2022-03-21,13.0,99.4,42.9,1.3
NGNE,2023-08-21,2023-12-25,18.0,34.8,109.7,87.8
NGNE,2024-05-27,2024-10-14,20.0,44.7,-32.4,-78.9
NGNE,2025-11-17,2026-06-29,32.0,76.2,38.1,
NGVT,2025-02-10,2025-08-04,25.0,13.7,21.0,41.8
NKTR,2020-07-20,2021-02-15,30.0,8.0,-28.2,-45.4
NKTR,2024-07-29,2025-06-23,47.0,43.1,-30.8,72.7
NMM,2023-03-20,2024-01-01,41.0,24.8,-4.8,76.4
NMM,2025-08-04,2025-11-10,14.0,18.6,36.1,36.6
NN,2022-12-19,2023-08-07,33.0,60.7,7.9,-2.0
NN,2024-01-08,2024-03-18,10.0,55.5,116.3,24.2
NN,2025-02-10,2025-08-25,28.0,40.0,14.1,-9.7
NOK,2020-09-21,2021-05-03,32.0,34.7,7.4,13.1
NOK,2021-03-01,2021-05-03,9.0,31.2,55.7,13.1
NOV,2022-08-15,2022-10-17,9.0,21.3,21.6,-15.2
NOVT,2025-11-03,2026-02-09,14.0,38.8,31.2,
NRDS,2024-12-09,2025-11-24,50.0,12.5,-17.8,-42.7
NRG,2022-12-19,2023-10-30,45.0,47.0,11.2,72.6
NRG,2023-06-05,2023-10-30,21.0,34.6,43.0,72.6
NSA,2020-06-15,2021-01-04,29.0,34.3,26.2,44.0
NTES,2022-07-11,2023-06-12,48.0,16.0,3.3,5.5
NTLA,2025-08-25,2025-10-06,6.0,116.0,21.4,-45.0
NTR,2020-06-15,2020-11-23,23.0,42.0,37.3,28.1
NTRA,2018-12-10,2019-08-05,34.0,111.6,61.8,9.8
NVAX,2017-12-25,2018-12-10,50.0,94.4,8.1,-89.7
NVAX,2023-10-09,2024-05-13,31.0,84.5,-39.3,-43.7
NVAX,2025-09-22,2026-02-23,22.0,18.6,-1.2,
NVCR,2024-05-27,2024-12-02,27.0,27.0,-9.0,-39.2
NVGS,2022-01-10,2022-03-21,10.0,36.1,10.8,-14.5
NVMI,2023-03-06,2023-05-22,11.0,18.6,26.8,12.0
NVTS,2025-08-18,2026-04-20,35.0,168.7,22.6,
NVTS,2025-12-22,2026-04-20,17.0,133.5,133.8,
NWG,2020-06-15,2021-02-15,35.0,65.9,39.4,19.5
NWL,2020-06-15,2020-11-09,21.0,26.2,33.1,49.7
NWL,2020-08-31,2020-11-09,10.0,20.9,54.1,49.7
NXE,2023-03-06,2023-08-07,22.0,27.0,40.6,53.8
NXST,2020-10-19,2021-02-01,15.0,39.8,72.2,23.1
NXTC,2023-06-26,2024-03-18,38.0,5.6,-36.7,-27.4
OBE,2020-11-30,2021-01-04,5.0,116.3,359.2,240.6
OC,2019-04-29,2019-09-09,19.0,16.2,21.1,-29.8
OCC,2020-08-17,2020-09-28,6.0,55.8,64.9,-1.6
OCC,2024-04-08,2024-12-23,37.0,34.7,-10.5,-24.5
OCC,2025-05-12,2025-08-25,15.0,111.7,125.7,-12.3
OCFC,2024-06-17,2024-07-22,5.0,25.6,23.1,3.6
OCUL,2024-05-27,2024-10-14,20.0,98.8,73.5,-35.5
OI,2022-07-11,2023-01-02,25.0,50.7,55.3,13.2
OI,2025-09-01,2026-02-02,22.0,30.2,-10.9,
OIS,2022-07-11,2023-01-09,26.0,86.1,86.1,-2.3
OKTA,2023-06-05,2023-12-18,28.0,25.2,0.9,-2.7
OLMA,2023-02-27,2023-05-01,9.0,62.4,158.8,149.1
OLN,2025-12-22,2026-03-23,13.0,40.0,5.6,
OMAB,2021-02-08,2021-12-20,45.0,14.4,1.8,17.6
OMCL,2020-08-31,2020-11-02,9.0,31.4,78.0,54.2
OMCL,2025-09-01,2025-12-15,15.0,45.9,28.6,-16.6
OMER,2020-11-02,2021-01-18,11.0,88.4,70.0,-27.9
OMER,2023-04-17,2023-05-29,6.0,30.9,-78.3,-69.9
OMER,2025-01-20,2025-12-22,48.0,87.7,-54.2,-44.8
OMF,2020-09-07,2020-12-07,13.0,42.4,101.3,49.6
ON,2019-06-03,2019-12-16,28.0,26.5,16.2,-19.6
ONC,2019-12-30,2020-07-13,28.0,53.2,20.6,38.7
ONON,2023-03-06,2023-03-20,2.0,54.5,44.4,-11.3
ONTO,2025-02-24,2026-01-12,46.0,51.2,-27.2,27.1
ONTO,2025-09-08,2026-01-12,18.0,98.5,70.8,27.1
OPRA,2025-11-03,2026-06-29,34.0,47.0,38.5,
OPTX,2025-05-12,2025-12-29,33.0,120.4,38.0,247.4
OPTX,2025-08-25,2025-12-29,18.0,95.6,301.2,247.4
ORIC,2025-03-17,2025-10-06,29.0,94.6,50.2,-25.8
ORKA,2020-02-10,2020-05-25,15.0,127.9,7.6,-66.0
ORLA,2021-06-07,2022-03-28,42.0,8.7,-8.8,-34.8
ORN,2019-10-21,2019-11-04,2.0,22.0,-52.9,-57.2
ORN,2020-06-15,2021-01-11,30.0,71.8,49.3,-4.7
ORN,2023-05-29,2023-07-24,8.0,45.6,87.3,50.9
ORRF,2023-10-09,2023-12-11,9.0,39.1,21.3,-11.3
OSCR,2025-08-25,2026-05-11,37.0,40.0,-18.1,
OSK,2020-06-15,2021-01-04,29.0,26.3,17.7,35.2
OSK,2023-01-16,2023-08-28,32.0,13.9,-2.9,6.3
OSPN,2024-04-08,2024-07-22,15.0,45.3,56.6,33.3
OSS,2019-12-30,2020-12-07,49.0,29.3,-7.0,114.7
OSS,2020-10-26,2020-12-07,6.0,24.1,137.5,114.7
OSS,2024-07-08,2025-01-13,27.0,72.6,33.3,44.3
OUST,2025-09-22,2026-05-18,34.0,33.1,-36.5,
OUT,2023-03-06,2024-03-04,52.0,10.2,-27.8,4.1
OVV,2017-12-11,2017-12-25,2.0,20.0,9.6,-1.9
OXY,2025-12-08,2026-02-16,10.0,26.2,39.0,
P,2020-01-06,2020-11-30,47.0,11.9,-7.8,-11.0
P,2021-08-23,2021-11-22,13.0,24.1,8.4,-18.4
P,2022-12-19,2023-05-29,23.0,28.5,34.5,-3.2
PAGP,2021-07-19,2022-01-31,28.0,24.3,6.6,-8.5
PAGS,2023-06-26,2023-12-25,26.0,32.1,32.1,-6.3
PAR,2023-01-23,2023-08-21,30.0,16.8,-4.4,13.3
PARR,2020-06-01,2021-02-22,38.0,55.4,24.4,-7.5
PARR,2025-02-17,2025-06-16,17.0,78.4,99.7,35.5
PATH,2025-02-03,2025-10-06,35.0,22.1,-23.6,-45.0
PATK,2019-05-27,2020-02-10,37.0,51.3,21.4,6.2
PAY,2023-07-24,2023-08-07,2.0,34.7,49.1,12.2
PAYX,2020-06-15,2020-11-02,20.0,20.9,33.2,15.6
PBF,2021-04-12,2022-02-07,43.0,39.5,13.0,79.4
PCTY,2024-03-18,2024-10-28,32.0,12.0,-5.0,-2.3
PCVX,2021-09-20,2022-08-22,48.0,7.8,-7.1,50.0
PCVX,2022-02-07,2022-08-22,28.0,40.7,33.4,50.0
PEB,2020-12-28,2021-11-01,44.0,36.8,26.4,-8.6
PEGA,2023-03-20,2024-02-12,47.0,44.9,-5.2,5.2
PENG,2024-05-20,2024-07-08,7.0,40.7,-14.1,-28.5
PENG,2025-12-22,2026-04-20,17.0,51.3,206.9,
PENN,2025-10-06,2026-06-08,35.0,33.5,-6.1,
PFGC,2022-04-04,2022-11-14,32.0,18.1,-9.0,-1.8
PGC,2020-06-15,2021-02-22,36.0,53.4,25.2,23.0
PGC,2025-09-08,2026-02-02,21.0,20.5,14.3,
PHAT,2023-12-11,2024-08-26,37.0,89.4,30.2,-66.6
PHG,2023-05-29,2023-07-10,6.0,16.7,5.5,5.2
PHR,2024-09-30,2025-08-25,47.0,42.7,9.6,-61.1
PHR,2025-04-14,2025-08-25,19.0,32.1,-7.0,-61.1
PHVS,2022-04-11,2022-06-06,8.0,22.0,-73.8,-59.9
PI,2018-10-15,2019-04-29,28.0,48.0,-1.0,16.6
PKX,2020-01-20,2020-11-09,42.0,6.7,-20.2,59.8
PLAB,2018-06-04,2018-08-20,11.0,27.1,6.6,-3.2
PLAB,2025-01-13,2025-12-08,47.0,47.8,-21.8,-12.5
PLSE,2020-01-20,2020-10-05,37.0,10.1,-22.7,39.4
PLSE,2024-01-22,2024-07-08,24.0,118.1,100.4,-0.6
PLSE,2025-03-10,2026-02-09,48.0,36.1,-14.1,
PLTR,2023-04-17,2023-05-15,4.0,43.2,96.9,75.0
PLUS,2020-03-09,2020-11-30,38.0,46.3,20.8,3.9
PNRG,2021-06-21,2021-10-25,18.0,50.1,45.1,13.2
POWL,2022-01-03,2022-12-05,48.0,27.7,-19.8,77.3
PPG,2020-06-15,2020-10-05,16.0,31.6,41.4,11.6
PPTA,2023-02-27,2023-04-03,5.0,33.0,-10.2,-23.8
PRAA,2017-09-11,2018-03-05,25.0,38.5,33.5,-7.4
PRCH,2024-07-29,2024-12-02,18.0,193.1,136.7,97.1
PRG,2023-03-27,2023-04-24,4.0,27.1,39.6,-10.4
PRGS,2019-01-28,2019-03-25,8.0,22.6,16.0,-11.5
PRIM,2020-06-15,2020-11-16,22.0,39.4,60.6,32.9
PRLB,2020-03-09,2020-05-18,10.0,69.7,103.3,8.2
PSIX,2017-12-11,2018-07-09,30.0,45.6,25.3,-23.8
PTC,2020-03-23,2020-08-24,22.0,54.5,38.4,50.2
PTCT,2022-12-05,2023-04-17,19.0,44.5,12.7,-57.9
PTEN,2025-06-23,2026-02-02,32.0,50.6,1.8,
PTEN,2025-12-22,2026-02-02,6.0,48.0,67.4,
PTGX,2019-06-10,2020-05-11,48.0,39.1,-37.1,37.1
PTGX,2023-08-07,2024-02-26,29.0,70.0,41.1,33.4
PTON,2024-09-30,2024-10-28,4.0,54.3,7.0,-5.9
PUK,2020-09-14,2021-01-04,16.0,29.7,41.2,-0.9
PUMP,2018-12-24,2019-02-25,9.0,69.6,69.7,-48.5
PUMP,2021-05-24,2022-02-28,40.0,39.6,-17.1,-35.3
PUMP,2024-06-24,2024-12-30,27.0,13.8,4.3,-36.1
PVH,2020-10-19,2021-01-04,11.0,60.1,68.5,3.9
PVH,2025-10-06,2026-04-06,26.0,18.7,18.8,
PVLA,2019-09-02,2019-09-16,2.0,29.4,-34.8,-65.6
QBTS,2023-12-04,2024-11-18,50.0,179.0,10.5,541.6
QBTS,2024-04-15,2024-11-18,31.0,84.3,-26.4,541.6
QCOM,2023-03-06,2023-12-04,39.0,17.8,-6.6,56.8
QCOM,2023-10-09,2023-12-04,8.0,23.1,59.4,56.8
QFIN,2020-10-12,2021-01-18,14.0,33.0,97.7,62.4
QMCO,2025-12-22,2026-06-01,23.0,82.5,67.4,
QNST,2023-09-04,2024-03-11,27.0,75.6,61.2,16.5
QNST,2024-01-29,2024-03-11,6.0,30.0,47.8,16.5
QS,2024-10-07,2025-07-07,39.0,64.2,-32.9,15.0
QUBT,2024-04-22,2024-10-28,27.0,50.7,44.9,608.8
QUIK,2021-06-14,2022-05-30,50.0,19.2,-21.9,-20.2
QUIK,2022-11-14,2023-06-26,32.0,45.9,-7.5,50.8
QXO,2019-05-06,2019-12-30,34.0,72.3,25.5,-48.0
QXO,2020-02-10,2020-08-03,25.0,58.4,21.8,19.4
QXO,2020-07-20,2020-08-03,2.0,92.0,105.1,19.4
QXO,2025-03-31,2026-01-05,40.0,78.6,44.5,-40.0
R,2019-12-09,2020-11-09,48.0,12.2,-25.9,55.4
RARE,2023-04-24,2024-02-26,44.0,22.9,-24.9,5.8
RBC,2020-03-16,2020-12-14,39.0,115.5,47.3,5.3
RBC,2020-06-15,2020-12-14,26.0,36.4,36.4,5.3
RCAT,2023-07-24,2024-04-22,39.0,36.3,-35.8,93.5
RCUS,2020-01-27,2020-02-17,3.0,97.3,124.1,41.9
RCUS,2021-05-03,2021-11-15,28.0,56.2,14.6,-60.2
RCUS,2021-10-25,2021-11-15,3.0,42.2,-27.6,-60.2
RCUS,2026-01-05,2026-06-22,24.0,47.5,37.6,
RDDT,2025-05-12,2025-08-11,13.0,117.7,70.7,-43.3
RDNT,2022-10-24,2023-02-27,18.0,31.0,44.5,29.9
RDVT,2020-04-20,2020-11-30,32.0,47.7,28.3,-15.8
RDW,2023-05-01,2024-03-18,46.0,53.4,-0.3,48.0
RDW,2026-03-23,2026-05-25,9.0,201.1,,
REAL,2020-09-21,2020-12-14,12.0,25.7,45.2,1.9
REPL,2019-10-07,2020-01-06,13.0,43.0,1.6,24.6
REPX,2022-05-30,2023-01-09,32.0,24.9,11.0,2.1
REPX,2022-08-22,2023-01-09,20.0,35.2,18.4,2.1
REPX,2024-06-03,2024-11-04,22.0,29.9,23.9,-18.9
RES,2021-04-12,2022-02-07,43.0,54.9,11.0,-0.2
REX,2020-10-19,2020-11-30,6.0,28.1,4.6,-4.3
RFIL,2024-06-03,2024-07-08,5.0,34.4,32.8,-11.8
RGTI,2023-12-11,2024-11-25,50.0,185.0,-7.9,297.0
RH,2019-04-01,2019-09-09,23.0,65.7,62.6,-29.1
RH,2024-04-29,2024-10-14,24.0,28.9,17.3,-54.5
RHI,2023-01-23,2023-12-11,46.0,4.7,-11.3,-24.4
RIG,2022-06-13,2023-01-09,30.0,60.8,21.6,38.0
RIGL,2019-08-05,2020-01-13,23.0,34.6,7.5,12.5
RIGL,2024-04-08,2024-09-23,24.0,36.8,28.6,8.9
RIGL,2024-12-16,2025-08-04,33.0,85.5,10.8,7.7
RIGL,2025-06-09,2025-08-04,8.0,54.5,98.7,7.7
RIOT,2025-11-10,2026-05-04,25.0,72.6,68.4,
RIVN,2025-06-23,2025-11-24,22.0,24.0,53.7,-3.3
RJF,2020-06-15,2021-01-04,29.0,40.5,28.8,30.2
RKLB,2023-08-21,2024-08-12,51.0,13.3,-24.4,327.1
RLMD,2017-11-06,2018-04-09,22.0,55.0,87.5,-11.3
RLMD,2018-10-08,2019-03-04,21.0,59.1,54.5,54.3
RLMD,2019-02-25,2019-03-04,1.0,28.7,87.5,54.3
RMAX,2025-10-20,2026-04-27,27.0,22.2,-9.4,
RNST,2020-06-15,2021-01-04,29.0,52.9,39.1,7.5
RNST,2023-08-28,2024-07-15,46.0,29.6,10.8,3.0
ROAD,2022-10-31,2023-06-12,32.0,8.7,-7.9,31.8
ROG,2019-12-02,2020-11-09,49.0,6.7,-7.6,34.3
ROKU,2019-10-14,2020-08-24,45.0,33.0,-2.4,128.8
ROOT,2024-07-22,2024-11-11,16.0,31.0,22.8,52.7
RUM,2024-05-20,2024-12-02,28.0,19.5,-7.8,9.5
RUN,2023-08-21,2024-08-19,52.0,54.6,-14.5,-60.8
RVT,2023-03-06,2023-12-18,41.0,17.0,4.1,2.1
RWT,2023-03-06,2023-08-28,25.0,26.8,17.9,-22.0
RYAAY,2020-06-15,2020-11-09,21.0,45.0,53.6,12.7
RYTM,2019-11-11,2020-08-24,41.0,23.5,-15.2,-3.9
RYTM,2023-11-06,2023-11-20,2.0,21.7,37.5,6.1
RYZ,2020-02-10,2020-11-30,42.0,30.3,-28.5,35.2
RYZ,2020-09-14,2020-11-30,11.0,85.7,165.7,35.2
S,2023-07-03,2023-12-04,22.0,67.9,65.6,-28.4
S,2023-09-18,2023-12-04,11.0,51.9,44.2,-28.4
SA,2023-07-31,2024-04-01,35.0,34.2,-12.2,3.6
SAIA,2022-12-19,2023-02-27,10.0,37.9,45.9,48.3
SAM,2025-12-29,2026-04-06,14.0,28.7,-8.1,
SANM,2020-06-15,2021-01-04,29.0,39.5,30.1,10.3
SBET,2018-01-15,2018-07-16,26.0,53.5,53.5,-38.8
SBET,2019-10-14,2020-06-15,35.0,42.3,-23.8,-28.1
SBGI,2018-06-04,2019-02-25,38.0,25.1,4.4,23.0
SBGI,2024-02-26,2024-09-30,31.0,21.1,1.3,-14.6
SBH,2024-06-10,2024-11-25,24.0,34.2,20.1,-37.5
SBLK,2020-11-09,2021-01-04,8.0,58.1,203.7,88.3
SBLK,2023-04-03,2024-02-19,46.0,21.4,-0.1,-6.7
SBRA,2022-05-02,2022-08-08,14.0,28.2,8.2,-15.2
SBS,2022-05-09,2022-10-03,21.0,22.6,19.2,-9.1
SCHL,2020-06-15,2021-05-10,47.0,13.6,-18.2,16.9
SCI,2020-09-14,2021-02-01,20.0,31.6,23.7,22.8
SCL,2025-09-01,2026-02-02,22.0,26.2,-2.7,
SCSC,2023-03-06,2023-12-04,39.0,24.4,3.6,25.8
SCSC,2025-10-06,2026-05-04,30.0,13.5,-5.8,
SDRL,2025-12-15,2026-01-19,5.0,22.5,22.1,
SEDG,2021-08-23,2021-11-08,11.0,24.4,-4.6,-35.9
SEDG,2025-03-24,2025-08-11,20.0,89.7,148.9,18.2
SFM,2019-12-09,2020-05-04,21.0,28.3,17.3,-19.3
SG,2023-12-11,2024-02-26,11.0,51.6,192.3,93.2
SGHC,2024-06-24,2024-07-22,4.0,21.3,99.5,113.4
SGMT,2025-02-10,2025-06-09,17.0,94.6,80.5,-24.7
SHEN,2025-08-18,2026-03-02,28.0,17.1,3.2,
SHLS,2025-05-26,2025-08-18,12.0,37.3,77.8,63.7
SHLS,2025-12-01,2026-05-25,25.0,55.0,34.6,
SHOE,2023-03-06,2023-12-11,40.0,15.8,-16.7,25.6
SHOP,2024-07-01,2024-11-11,19.0,60.4,61.5,2.1
SIBN,2022-08-15,2023-04-17,35.0,21.1,-7.0,-23.0
SIMO,2023-04-17,2024-02-26,45.0,15.7,-13.2,-10.6
SIRI,2025-10-13,2026-03-30,24.0,14.1,22.2,
SITE,2023-03-06,2024-03-04,52.0,34.3,19.2,-25.5
SKY,2017-10-09,2018-01-01,12.0,73.6,135.4,83.7
SLAB,2024-04-08,2025-02-10,44.0,18.4,-8.6,-12.6
SLAB,2025-03-24,2026-02-02,45.0,82.7,15.6,
SLDB,2025-10-13,2026-03-09,21.0,24.3,46.8,
SLM,2020-03-23,2020-12-07,37.0,65.9,7.8,71.0
SLP,2022-06-13,2022-07-18,5.0,41.0,-11.4,-34.2
SLP,2023-06-19,2024-05-13,47.0,12.8,0.3,-43.4
SLS,2020-08-10,2020-12-07,17.0,186.6,223.3,36.6
SMBC,2023-11-06,2023-12-11,5.0,23.3,0.9,-20.6
SMCI,2019-07-15,2019-12-16,22.0,29.5,50.9,31.1
SMG,2023-03-20,2024-03-18,52.0,14.4,-22.6,2.7
SMMT,2019-04-01,2020-03-09,49.0,15.0,-10.0,41.7
SMMT,2019-09-23,2020-03-09,24.0,50.3,59.5,41.7
SMPL,2020-11-30,2020-12-21,3.0,29.1,47.7,20.0
SMR,2024-04-22,2024-05-27,5.0,44.1,203.8,239.6
SNDA,2023-08-28,2024-02-19,25.0,42.0,36.5,126.6
SNDA,2024-01-08,2024-02-19,6.0,32.6,241.0,126.6
SNDA,2025-07-28,2025-09-22,8.0,15.4,33.2,14.6
SNDX,2021-10-18,2022-08-01,41.0,25.9,-13.4,17.1
SOFI,2023-04-17,2023-06-05,7.0,37.7,24.1,-0.6
SONY,2023-03-06,2024-01-08,44.0,18.5,-0.3,-3.4
SOUN,2024-04-15,2024-11-25,32.0,162.3,54.9,8.6
SOUN,2024-08-12,2024-11-25,15.0,87.3,120.6,8.6
SPIR,2024-01-29,2024-02-05,1.0,48.7,71.4,1.1
SPRY,2025-01-27,2025-06-23,21.0,39.8,32.0,-37.5
SRPT,2019-08-19,2020-06-08,42.0,69.7,32.4,5.3
SRRK,2023-02-27,2023-11-27,39.0,49.4,-30.1,-30.2
SRRK,2024-01-29,2024-10-07,36.0,76.0,-42.2,5.6
SRRK,2025-05-12,2025-12-08,30.0,53.4,22.5,-5.7
SRTA,2024-04-15,2024-11-25,32.0,39.8,10.9,-26.4
STAA,2019-12-30,2020-01-13,2.0,23.3,79.2,33.7
STAA,2025-09-15,2026-05-11,34.0,17.7,-35.7,
STE,2020-03-30,2020-09-14,24.0,27.4,25.1,6.9
STI,2025-10-06,2026-06-01,34.0,550.6,29.7,
STLA,2019-04-15,2019-10-28,28.0,10.8,-7.0,-46.4
STM,2025-09-08,2026-02-09,22.0,30.6,27.7,
STNE,2023-01-02,2023-04-24,16.0,32.7,21.7,-22.1
STNG,2019-01-21,2019-06-24,22.0,45.9,39.9,29.0
STNG,2021-09-06,2022-04-25,33.0,55.7,13.8,90.6
STOK,2023-07-24,2024-03-25,35.0,113.3,-22.3,-9.3
STRO,2025-10-06,2026-02-16,19.0,130.3,223.3,
STRT,2023-10-16,2023-12-18,9.0,25.2,-2.4,-14.1
STTK,2023-04-17,2023-12-11,34.0,125.6,-52.2,-6.4
STX,2020-07-13,2020-11-30,20.0,34.6,28.4,58.9
SUZ,2020-09-21,2020-12-14,12.0,28.9,46.4,1.2
SVC,2022-12-05,2023-01-23,7.0,13.0,19.1,1.5
SW,2023-04-17,2024-03-04,46.0,20.7,-11.4,7.6
SWK,2020-06-15,2020-10-05,16.0,32.5,36.6,15.2
SWK,2025-04-14,2026-02-02,42.0,62.0,21.5,
SWKS,2025-12-01,2026-05-18,24.0,20.3,8.3,
SXC,2017-09-11,2017-12-18,14.0,44.1,37.8,11.1
SYBT,2023-08-28,2024-07-08,45.0,14.5,-1.8,29.4
SYF,2022-12-12,2023-12-11,52.0,15.2,0.5,13.7
SYM,2022-10-24,2023-03-20,21.0,71.0,109.5,43.3
SYNA,2019-09-09,2019-10-28,7.0,15.3,53.6,40.0
SYNA,2025-03-03,2026-01-12,45.0,35.5,4.1,25.3
SYNA,2025-10-20,2026-01-12,12.0,27.8,31.8,25.3
SYRE,2024-12-16,2025-11-24,49.0,25.7,-37.1,145.0
TAL,2022-07-11,2022-08-22,6.0,49.8,116.0,18.0
TALO,2021-04-19,2021-05-31,6.0,45.1,13.7,-38.6
TALO,2025-10-27,2025-11-24,4.0,16.8,58.6,28.0
TARS,2022-10-03,2023-07-17,41.0,47.7,-24.6,-4.6
TATT,2020-01-20,2020-09-21,35.0,12.1,-27.2,-6.2
TBBK,2019-06-03,2019-10-21,20.0,24.7,30.9,-45.9
TBLA,2025-01-13,2025-11-24,45.0,14.0,-1.1,19.6
TCBK,2023-11-27,2024-07-15,33.0,23.7,4.7,-2.3
TCOM,2022-09-26,2022-11-28,9.0,18.1,37.9,6.7
TDAY,2025-10-20,2025-12-01,6.0,46.2,93.4,47.9
TDOC,2019-09-02,2019-10-28,8.0,25.7,118.1,116.2
TDUP,2023-06-12,2023-07-24,6.0,41.0,-8.4,-35.9
TE,2022-01-10,2022-09-05,34.0,38.5,-15.2,-42.3
TE,2024-05-13,2024-12-23,32.0,50.7,4.5,-58.7
TE,2025-01-20,2025-10-06,37.0,82.9,-28.6,28.8
TE,2025-09-01,2025-10-06,5.0,83.8,239.4,28.8
TECX,2022-09-19,2023-02-06,20.0,150.0,44.1,-8.2
TECX,2023-01-30,2023-02-06,1.0,82.8,62.4,-8.2
TECX,2025-03-03,2026-03-02,52.0,54.7,-27.5,
TECX,2025-09-29,2026-03-02,22.0,135.4,100.3,
TEN,2019-05-20,2019-10-07,20.0,20.5,13.1,-24.0
TEN,2020-12-14,2021-09-27,41.0,32.1,-8.0,-20.4
TEN,2021-04-26,2021-09-27,22.0,27.1,1.2,-20.4
TEN,2022-01-03,2022-04-11,14.0,48.8,13.2,46.5
TEN,2023-06-05,2023-12-18,28.0,44.4,16.8,18.4
TEO,2022-05-16,2023-01-23,36.0,35.4,-15.0,4.8
TFC,2020-12-14,2021-02-08,8.0,18.7,16.9,7.9
TFIN,2020-09-14,2020-10-12,4.0,47.3,186.6,127.5
TFX,2025-11-24,2026-04-20,21.0,19.7,13.0,
TGB,2023-10-16,2024-03-11,21.0,72.1,121.6,9.4
TGLS,2023-08-21,2024-04-01,32.0,60.4,34.9,29.6
TGS,2018-11-26,2019-07-08,32.0,17.2,-5.5,-56.7
TGS,2019-03-11,2019-07-08,17.0,23.5,-41.2,-56.7
TGT,2023-04-24,2024-03-04,45.0,11.2,-31.0,-9.5
TH,2021-03-22,2021-04-05,2.0,33.9,68.7,26.4
TH,2025-09-22,2026-03-09,24.0,4.8,8.2,
THC,2020-09-14,2020-12-07,12.0,45.4,91.9,67.6
THFF,2023-11-20,2024-07-15,34.0,17.9,-0.1,9.1
THO,2019-05-20,2019-12-16,30.0,32.9,14.2,54.6
TILE,2023-03-06,2023-12-11,40.0,47.2,13.0,19.0
TJX,2020-06-15,2020-11-30,24.0,26.6,28.6,-0.8
TJX,2020-09-21,2020-11-30,10.0,25.3,24.7,-0.8
TLK,2024-10-28,2025-08-11,41.0,23.5,-8.4,4.2
TM,2023-02-27,2023-06-12,15.0,19.7,25.6,11.1
TM,2024-11-25,2025-08-18,38.0,20.3,13.9,19.0
TME,2022-09-26,2022-11-28,9.0,82.2,103.9,1.6
TMHC,2019-01-28,2019-07-08,23.0,13.8,20.4,8.6
TMP,2024-03-04,2024-07-22,20.0,28.7,16.4,7.2
TNK,2021-04-19,2022-04-04,50.0,25.8,2.4,66.3
TOI,2025-09-08,2026-06-01,38.0,59.7,-6.9,
TOST,2023-09-11,2024-05-06,34.0,33.3,17.0,39.7
TPG,2023-09-18,2023-11-13,8.0,17.2,54.0,25.5
TPL,2023-10-02,2024-06-10,36.0,28.1,1.6,62.5
TPR,2022-10-31,2023-01-02,9.0,27.5,21.9,5.2
TREE,2025-02-17,2025-08-11,25.0,53.9,68.4,-37.4
TRIP,2023-03-20,2024-02-12,47.0,45.0,-12.9,-48.4
TRIP,2025-03-17,2025-09-15,26.0,26.5,26.5,-50.3
TRLV,2020-01-13,2020-07-06,25.0,35.0,32.9,175.1
TRLV,2023-11-27,2024-10-21,47.0,140.4,76.2,-66.5
TRMD,2020-11-30,2021-02-15,11.0,21.5,22.3,-12.7
TRT,2024-06-17,2024-10-14,17.0,19.7,0.2,-31.3
TRUP,2023-12-04,2024-07-15,32.0,13.7,-3.7,44.6
TRVI,2024-05-20,2024-12-09,29.0,66.8,16.4,46.0
TRVI,2024-11-04,2024-12-09,5.0,43.3,126.8,46.0
TSEM,2020-08-24,2020-11-30,14.0,35.6,49.1,1.6
TSHA,2023-12-18,2024-06-03,24.0,142.3,81.6,-37.2
TSHA,2024-04-01,2024-06-03,9.0,47.4,-25.0,-37.2
TTEK,2020-06-15,2020-09-28,15.0,28.2,51.1,39.3
TTI,2022-08-08,2023-07-31,51.0,27.5,-4.1,-22.2
TTMI,2019-08-26,2019-12-02,14.0,29.5,21.9,-12.8
TTWO,2022-10-31,2023-05-15,28.0,26.6,14.7,12.3
TWLO,2023-03-20,2023-12-11,38.0,23.6,-3.6,-28.6
TWLO,2023-08-14,2023-12-11,17.0,28.1,-1.2,-28.6
TWLO,2024-03-25,2024-10-28,31.0,38.7,5.7,18.0
TWO,2023-09-18,2024-07-08,42.0,15.7,1.9,-13.0
TX,2020-02-24,2020-11-09,37.0,35.4,0.6,77.9
TYRA,2023-05-01,2024-02-05,40.0,48.3,9.3,9.0
UA,2018-03-19,2018-06-04,11.0,63.3,36.3,-1.5
UAA,2018-03-19,2018-06-04,11.0,54.1,30.4,-3.5
UAA,2024-02-19,2024-10-14,34.0,11.0,1.8,-37.7
UAL,2025-05-05,2025-12-15,32.0,47.5,26.1,3.8
UAMY,2020-07-27,2020-12-28,22.0,30.0,107.5,84.6
UAMY,2024-05-27,2024-08-12,11.0,47.2,111.1,258.5
UAN,2018-02-12,2018-10-01,33.0,32.4,11.3,-4.5
UBER,2025-01-20,2025-05-12,16.0,33.9,33.2,-0.2
UBSI,2018-01-08,2018-06-18,23.0,5.4,-2.0,-21.0
UCTT,2023-02-13,2024-01-29,50.0,13.2,-8.4,-10.4
UCTT,2025-12-22,2026-01-12,3.0,68.0,356.3,111.3
UEC,2017-09-25,2017-12-11,11.0,33.3,-5.1,-11.4
UEC,2025-02-03,2025-07-21,24.0,28.2,46.5,109.0
UFPT,2025-12-01,2026-02-02,9.0,23.1,3.1,
UGI,2020-12-28,2021-02-15,7.0,15.3,35.4,17.5
UGP,2022-05-23,2023-05-01,49.0,9.6,-17.2,33.5
UI,2020-04-20,2020-10-12,25.0,29.1,24.2,44.9
UI,2020-09-07,2020-10-12,5.0,29.6,119.7,44.9
ULCC,2024-04-08,2025-01-06,39.0,22.0,-14.1,-49.3
UNFI,2017-10-30,2017-12-04,5.0,26.1,14.8,-19.9
UNH,2025-12-22,2026-05-04,19.0,15.4,30.7,
UPST,2023-12-11,2024-10-07,43.0,5.6,-49.7,-17.1
URBN,2020-09-28,2020-11-16,7.0,33.7,60.2,11.5
URI,2019-06-03,2019-10-28,21.0,16.1,28.7,-15.9
USAR,2025-06-30,2025-09-29,13.0,161.4,42.5,-38.7
USPH,2020-11-30,2021-02-08,10.0,27.2,10.5,-19.0
UUUU,2020-01-13,2020-11-30,46.0,49.1,1.2,172.5
UUUU,2020-07-27,2020-11-30,18.0,50.9,122.2,172.5
VAC,2025-09-15,2026-05-25,36.0,15.2,-8.7,
VAC,2026-04-06,2026-05-25,7.0,26.2,,
VCTR,2020-03-16,2020-12-07,38.0,63.7,16.2,30.0
VCTR,2020-06-15,2020-12-07,25.0,42.8,41.3,30.0
VCTR,2020-08-24,2020-12-07,15.0,38.7,40.7,30.0
VCTR,2022-10-31,2023-02-13,15.0,18.1,6.5,1.5
VCYT,2017-11-20,2018-06-18,30.0,48.0,16.8,17.2
VCYT,2026-04-27,2026-06-01,5.0,47.3,,
VECO,2020-10-12,2020-12-14,9.0,50.0,69.1,24.6
VERA,2024-04-01,2024-11-25,34.0,32.6,8.8,-61.9
VIAV,2024-04-08,2024-12-09,35.0,30.8,8.9,-16.9
VICR,2023-01-23,2023-07-24,26.0,34.0,34.0,-60.3
VICR,2024-07-29,2024-11-04,14.0,56.9,36.3,-30.1
VICR,2024-12-16,2025-10-20,44.0,83.9,-10.4,202.4
VIR,2024-04-01,2025-01-06,40.0,29.6,-17.1,-53.3
VIR,2026-01-12,2026-02-23,6.0,50.0,55.6,
VIRT,2023-10-02,2023-12-11,10.0,20.2,22.4,16.0
VISN,2024-12-09,2025-06-23,28.0,42.9,1.2,122.7
VIST,2021-03-22,2021-05-31,10.0,53.4,66.4,27.1
VITL,2025-04-21,2025-08-04,15.0,36.2,15.0,-41.0
VIV,2023-04-24,2023-06-05,6.0,10.6,10.9,21.6
VLO,2019-05-27,2019-10-14,20.0,30.8,38.4,-42.0
VMI,2020-06-15,2020-11-02,20.0,38.4,55.7,71.3
VMI,2020-09-14,2020-11-02,7.0,23.0,92.6,71.3
VNET,2019-04-01,2020-01-13,41.0,37.4,-4.5,123.9
VNET,2019-10-14,2020-01-13,13.0,31.7,88.4,123.9
VNET,2023-10-02,2024-09-23,51.0,34.2,-40.3,108.3
VNET,2024-08-12,2024-09-23,6.0,121.2,544.7,108.3
VOD,2023-10-23,2024-05-13,29.0,12.2,-1.3,-5.8
VRDN,2022-02-28,2022-08-15,24.0,38.6,29.2,39.8
VRDN,2024-12-16,2025-11-03,46.0,44.2,-22.6,-39.5
VRNS,2021-06-14,2021-08-30,11.0,28.7,-16.1,-43.1
VSAT,2022-11-07,2023-05-22,28.0,33.0,5.0,-55.1
VSAT,2023-01-23,2023-05-22,17.0,32.3,-12.4,-55.1
VSAT,2025-02-17,2025-08-04,24.0,184.7,210.3,62.8
VSH,2019-04-29,2020-01-13,37.0,17.1,1.6,-31.8
VSTM,2023-07-03,2024-01-29,30.0,53.1,6.0,-79.5
VSXY,2024-02-19,2024-10-28,36.0,6.9,-20.6,-37.8
VTOL,2020-01-06,2020-09-07,35.0,30.4,-27.9,19.8
VTRS,2023-01-23,2024-01-01,49.0,5.7,-10.4,-12.0
VXX,2025-01-06,2025-03-31,12.0,51.4,-8.6,-55.6
VYX,2020-07-13,2020-12-21,23.0,106.7,91.7,27.5
W,2023-03-06,2023-07-10,18.0,114.1,119.2,-26.7
WAB,2020-09-14,2021-01-04,16.0,20.0,11.9,2.3
WAFD,2023-08-28,2024-07-15,46.0,26.4,0.1,-10.8
WAFD,2024-04-15,2024-07-15,13.0,24.5,31.8,-10.8
WAL,2020-06-15,2020-12-07,25.0,51.6,52.7,68.2
WASH,2024-01-29,2024-07-22,25.0,27.1,14.6,3.1
WATT,2025-09-15,2026-03-16,26.0,136.4,136.4,
WB,2024-06-17,2024-09-30,15.0,42.3,19.2,-26.2
WB,2024-12-16,2025-08-11,34.0,32.1,7.4,-13.3
WBD,2020-07-13,2021-01-04,25.0,61.7,71.6,-15.4
WBD,2025-01-13,2025-07-14,26.0,33.9,33.9,124.2
WBS,2020-06-15,2021-01-11,30.0,79.6,45.3,-5.7
WCC,2019-06-03,2019-12-23,29.0,21.3,12.9,-42.8
WD,2020-10-26,2020-11-09,2.0,27.4,78.0,28.0
WD,2023-03-06,2023-12-11,40.0,36.6,4.9,-8.8
WDAY,2020-03-23,2020-08-24,22.0,79.0,58.4,0.5
WDC,2019-04-29,2019-09-02,18.0,23.9,8.1,-10.6
WDC,2020-06-15,2021-02-15,35.0,55.2,19.8,-12.8
WDC,2023-07-17,2023-08-28,6.0,20.0,43.0,39.9
WDS,2021-12-27,2022-10-31,44.0,76.0,38.0,-4.5
WEST,2025-08-04,2026-05-04,39.0,18.0,-28.5,
WEST,2026-03-09,2026-05-04,8.0,93.7,,
WGO,2020-10-19,2021-01-25,14.0,43.1,60.7,4.4
WGO,2022-10-31,2023-01-30,13.0,19.5,3.9,-0.7
WGO,2025-10-06,2026-01-12,14.0,62.4,12.2,-34.3
WIX,2020-03-23,2020-05-04,6.0,50.5,133.6,79.0
WIX,2023-01-02,2023-11-27,47.0,41.7,2.0,52.4
WLDN,2020-09-14,2020-11-09,8.0,37.5,48.1,1.0
WLFC,2023-09-04,2024-04-29,34.0,34.6,14.8,235.1
WLFC,2025-09-15,2026-02-16,22.0,41.4,17.6,
WLY,2020-11-30,2021-01-04,5.0,31.4,80.3,24.8
WMK,2019-11-18,2020-03-30,19.0,15.5,45.4,11.2
WNC,2021-10-25,2022-01-03,10.0,32.1,-6.9,-30.9
WNC,2022-09-19,2022-10-31,6.0,47.1,56.9,7.4
WRBY,2023-09-25,2024-05-13,33.0,25.6,3.4,29.8
WRBY,2024-04-15,2024-05-13,4.0,37.2,37.3,29.8
WSBC,2023-11-27,2024-07-15,33.0,18.9,0.3,1.1
WT,2020-10-26,2020-11-30,5.0,41.4,89.0,37.9
WTS,2020-06-15,2020-10-05,16.0,33.1,45.1,10.9
WULF,2020-06-08,2020-12-28,29.0,216.0,98.4,135.4
WULF,2024-04-29,2024-06-10,6.0,79.0,183.1,79.6
WULF,2025-07-28,2025-08-11,2.0,88.4,180.9,81.3
WVE,2024-01-15,2024-09-23,36.0,77.1,24.8,4.0
WYNN,2019-06-03,2020-01-13,32.0,39.0,11.6,-45.0
XENE,2022-05-09,2022-08-01,12.0,29.2,15.5,1.9
XIFR,2025-07-28,2026-05-04,40.0,27.1,5.5,
XMTR,2025-05-12,2025-08-11,13.0,39.0,76.7,16.2
XNCR,2024-04-01,2024-11-18,33.0,17.5,-6.8,-69.7
XPEL,2024-12-23,2025-11-24,48.0,17.2,-8.2,-1.6
XPEL,2025-09-01,2025-11-24,12.0,30.3,13.3,-1.6
XPO,2019-04-08,2019-11-04,30.0,34.0,17.2,-19.2
XPO,2019-09-02,2019-11-04,9.0,17.2,-8.9,-19.2
XYZ,2019-09-02,2020-02-17,24.0,34.7,17.9,85.8
XYZ,2024-04-15,2024-11-18,31.0,31.0,6.0,-36.3
YETI,2023-03-06,2023-08-28,25.0,36.7,27.0,-18.9
Z,2024-06-03,2024-09-09,14.0,40.1,92.9,18.1
ZD,2025-12-22,2026-03-02,10.0,18.0,40.6,
ZETA,2025-07-28,2026-01-05,23.0,61.8,23.2,-11.9
ZG,2024-06-03,2024-09-16,15.0,56.5,90.7,7.3
