ticker,theme,shortName,marketCap,trailingPE,forwardPE,totalRevenue,revenueGrowth,grossMargins,operatingMargins,profitMargins,freeCashflow,totalCash,totalDebt,fiftyTwoWeekHigh,fiftyTwoWeekLow,currentPrice
NVDA,ai,NVIDIA Corporation,4912260841472,31.058191,15.80593,253491003392,0.852,0.74144995,0.65596,0.62966,46335873024,53171998720,12814000128,236.54,164.07,202.81
AMD,ai,,808386560000,164.15895,36.81913,37454000128,0.378,0.5306,0.14396,0.13374,7173374976,12346999808,3871000064,584.73,149.22,495.76
AVGO,ai,Broadcom Inc.,1764229775360,61.701332,19.098053,75464998912,0.479,0.76284,0.48988,0.38848,27212249088,19627999232,64907001856,495.0,273.0,370.825
ARM,ai,Arm Holdings plc,285379985408,310.68604,86.76127,4920000000,0.201,0.97541,0.2953,0.18374,750499968,3600999936,491000000,452.7,100.02,267.19
MRVL,ai,"Marvell Technology, Inc.",169348677632,64.838486,30.435202,8717100032,0.276,0.51502997,0.14479999,0.28986,2269700096,3843599872,5277199872,329.88,61.44,188.68
MU,ai,,958798299136,19.193987,5.630772,90273996800,3.457,0.72569,0.80370003,0.55906,7639499776,26022000640,6376000000,1255.0,103.38,848.95
TSM,ai,Taiwan Semiconductor Manufactur,2066135646208,29.840448,18.759014,4440492343296,0.36,0.6423,0.60344005,0.49923,739057991680,3518013112320,982447030272,479.0,223.7,398.37
ASML,ai,ASML Holding N.V. - New York Re,671245467648,60.240604,30.32463,35327500288,0.213,0.52733004,0.37057,0.30114,8437675008,7581499904,1984400000,1999.96,683.48,1747.58
AMAT,ai,"Applied Materials, Inc.",420528521216,49.733334,31.62976,29024000000,0.114,0.48956,0.31896,0.29314,3040375040,8240999936,7267999744,739.67,154.47,529.66
LRCX,ai,Lam Research Corporation,391803895808,59.224953,38.766644,21681844224,0.238,0.49979,0.35042998,0.30938998,4352341504,4750936064,3734479104,438.5,90.94,313.3
KLAC,ai,KLA Corporation,277910061056,60.269123,41.513813,13096660992,0.115,0.61446,0.41215,0.35661998,2890187008,4957938176,6145359872,307.37,83.224,212.75
QCOM,ai,QUALCOMM Incorporated,181056110592,18.49085,15.542775,44486000640,-0.035,0.54799,0.22059,0.22308001,9589624832,9799000064,15269999616,259.92,121.99,171.78
SNPS,ai,"Synopsys, Inc.",73580716032,87.73402,22.249273,8679379968,0.419,0.82598996,0.10383,0.089090005,3538958592,2484438016,10841960448,651.73,366.0,384.275
CDNS,ai,"Cadence Design Systems, Inc.",91049615360,76.948715,35.117264,5528612864,0.187,0.86079,0.29699,0.21180001,1499152256,1546153984,3083354112,416.69,262.75,330.11
CRDO,ai,Credo Technology Group Holding ,37795340288,80.749,22.586277,1335116032,1.57,0.68035007,0.35661998,0.35374,250810128,1443286016,25448000,308.67,86.485,202.68
ALAB,ai,"Astera Labs, Inc.",52042874880,203.7718,69.51341,1001443968,0.934,0.75988996,0.20052,0.26724002,240004880,1184473984,41850000,499.476,97.89,303.62
MPWR,ai,"Monolithic Power Systems, Inc.",64458559488,94.32063,42.93365,2957090048,0.261,0.55175,0.29986998,0.22984,491719136,1367108992,19968000,1714.09,702.32,1312.0
ON,ai,ON Semiconductor Corporation,34003146752,64.242645,20.127441,6063000064,0.047,0.42665002,0.18232,0.09462,1282174976,2403599872,3245799936,134.92,44.56,87.37
INTC,ai,Intel Corporation,477671030784,,58.897167,53762998272,0.072,0.372,0.06879,-0.05904,-8301250048,32789000192,45030998016,142.35,18.97,95.04
COHR,ai,Coherent Corp.,54309478400,131.564,33.682697,6602083840,0.205,0.36990002,0.13572,0.07102,-197631744,2423729920,3425114880,440.0,84.35,277.6
LITE,ai,Lumentum Holdings Inc.,57013395456,128.11539,40.041878,2488399872,0.901,0.40837002,0.21771,0.17678,93350000,3172300032,3313700096,1085.68,97.551,732.82
CIEN,ai,Ciena Corporation,52998832128,124.80334,38.846626,5569149952,0.395,0.43047002,0.15195,0.0787,700927872,1202834048,1580579968,637.51,83.2,374.41
ANET,ai,"Arista Networks, Inc.",212308557824,57.74315,37.74155,9709899776,0.351,0.63537,0.42738998,0.38317,4362237440,12353200128,0,189.817,106.987,168.61
SMCI,ai,"Super Micro Computer, Inc.",15641390080,12.726316,7.7378225,33700206592,1.227,0.08394,0.061100002,0.03701,-7448383488,1305032960,9151156224,62.36,19.48,24.18
DELL,ai,Dell Technologies Inc.,256092078080,31.55573,18.404655,134001999872,0.875,0.19212,0.088570006,0.062750004,5434124800,11580999680,31924000768,469.47,110.22,396.34
HPE,ai,Hewlett Packard Enterprise Comp,60675006464,42.822426,11.4589815,38793998336,0.4,0.33776,0.087,0.040110003,3836000000,5292000256,21304000512,64.25,19.635,45.82
VRT,ai,"Vertiv Holdings, LLC",111222546432,72.93703,32.63328,10843400192,0.301,0.37151,0.16364999,0.14372,1964749952,2500499968,3264900096,379.935,118.7,289.56
STX,ai,,178209734656,74.65971,27.65697,11009999872,0.441,0.41571,0.35668,0.21599,1610000000,1146000000,4177999872,1145.0,138.3,787.66
WDC,ai,,164489216000,28.576046,25.730211,11777000448,0.455,0.45428002,0.37008998,0.55286,2075000064,3236999936,1724000000,799.87,66.04,477.22
PSTG,ai,,,,,,,,,,,,,,,
MOD,ai,Modine Manufacturing Company,12179600384,101.03084,20.240425,3181100032,0.475,0.23023,0.11829001,0.03819,-101450000,73500000,580099968,323.25,90.41,229.34
CRWV,ai,"CoreWeave, Inc.",39941206016,,-50.037933,6226999808,1.116,0.69375,-0.069299996,-0.25566,-8560327168,2265999872,35147001856,153.2,63.8,73.21
NBIS,ai,Nebius Group N.V.,45120249856,68.61391,491.97168,877900032,6.839,0.72058,-0.3208,0.93086,-6147975168,9373200384,9590400000,299.86,49.0,177.71
IREN,ai,IREN LIMITED,12015071232,43.66234,-35.765957,757073984,-0.0,0.68397003,-0.64468,0.20877,-2311044352,2213274112,3964912896,76.87,14.72,33.62
APLD,ai,Applied Digital Corporation,7369996800,,-20.96748,319262016,1.393,0.45409,-0.20466,-0.59472,-1496915328,1730439936,2827480064,50.725,9.79,25.79
WULF,ai,TeraWulf Inc.,8998873088,,93.128204,168062000,-0.011,0.64018995,-3.6618,0.0,-283343616,2629995008,5314066944,29.84,4.64,18.16
CORZ,ai,"Core Scientific, Inc.",6656518144,,70.58348,354737984,0.449,0.2156,-0.1877,0.0,174972256,1005148032,2155508992,30.46,12.595,20.94
CIFR,ai,Cipher Digital Inc.,7182903296,,36.583332,209820992,-0.288,0.12375,-2.49371,0.0,-2948059648,715203008,4746686976,30.14,4.55,17.56
HUT,ai,Hut 8 Corp.,10296731648,,-49.232838,284320000,2.255,0.59671,-5.21523,-1.09774,-300598368,160016000,422911008,140.8,18.68,91.45
MSFT,ai,Microsoft Corporation,2925466222592,23.469606,20.324642,318272995328,0.183,0.68309,0.46326,0.39341998,37011251200,78227996672,125431996416,555.45,349.2,393.82
GOOGL,ai,Alphabet Inc.,4231485980672,26.4508,23.67202,422498009088,0.218,0.60368,0.36121,0.37919,27921750016,126839996416,95875997696,408.61,186.15,346.77
AMZN,ai,"Amazon.com, Inc.",2659480240128,29.572968,24.94745,742775980032,0.166,0.50604,0.1314,0.12224,9806624768,143088992256,235540004864,278.56,196.0,247.23
META,ai,"Meta Platforms, Inc.",1639846903808,23.474201,17.782232,214962995200,0.331,0.81941,0.40617,0.32837,25558249472,81180000256,86769000448,796.25,520.26,646.01
AAPL,ai,Apple Inc.,4901757779968,40.502426,34.625034,451442016256,0.166,0.47862,0.32275,0.27152002,101090746368,68507000832,84710998016,334.99,201.5,333.74
ORCL,ai,Oracle Corporation,364120342528,21.682676,11.574311,67356999680,0.206,0.65822,0.36202,0.25368,-24536750080,31893999616,167431995392,345.72,121.5,126.41
APP,ai,Applovin Corporation,142619770880,36.88445,19.587524,6164192256,0.59,0.88367,0.78151,0.6429,3180097280,2758671104,3849840128,745.61,343.0,424.54
NOW,ai,"ServiceNow, Inc.",106472235008,61.45238,20.557055,13959999488,0.221,0.76562,0.13342,0.12586,5108125184,5182000128,2431000064,210.2,81.24,103.24
CRM,ai,,139860639744,19.810905,10.999522,42829000704,0.133,0.77643996,0.218,0.18733,16552999936,11836999680,42547998720,274.0,146.32,170.77
SNOW,ai,Snowflake Inc.,93200736256,,100.08746,5032822784,0.335,0.67144996,-0.22173999,-0.23786,1739497728,2954998016,2772094976,284.99,118.3,268.9
DDOG,ai,"Datadog, Inc.",92083339264,663.30774,89.78301,3672030976,0.322,0.79906,0.00797,0.03695,936726528,4758617088,1285052032,278.705,98.01,258.69
MDB,ai,"MongoDB, Inc.",25121302528,,42.561684,2602398976,0.252,0.71970004,-0.03607,-0.01118,517605376,2427152896,58635000,444.72,198.47,312.33
NET,ai,"Cloudflare, Inc.",98552520704,,175.88669,2328604928,0.335,0.73327005,-0.09689999,-0.037249997,754998272,4163877888,3524536064,291.0,158.83,277.66
CRWD,ai,"CrowdStrike Holdings, Inc.",206788100096,,130.04361,5094199808,0.256,0.75136,-0.022079999,-0.00598,1926365056,4552800768,821342976,217.5,85.68,203.08
PANW,ai,"Palo Alto Networks, Inc.",292324179968,311.89566,86.95315,10606499840,0.311,0.71963996,-0.02465,0.07947,3579375104,3111000064,2130000000,368.8,139.57,358.68
IOT,ai,,22329450496,383.19998,42.818512,1730594944,0.305,0.76298,0.01503,0.03323,242680256,804318976,69020000,47.47,23.38,38.32
PATH,ai,"UiPath, Inc.",6295160832,20.249998,13.3955145,1672329984,0.173,0.8305,0.07274,0.19578,511553632,1307244032,83003000,19.84,9.2,12.15
DUOL,ai,"Duolingo, Inc.",6236488704,15.314647,17.058214,1098813056,0.265,0.72665,0.15369001,0.38441002,312465120,1251609984,91873000,468.0,87.89,133.85
RDDT,ai,"Reddit, Inc.",34878787584,51.765713,19.837818,2473555968,0.691,0.91373,0.27571,0.28604,564094656,2770631936,21288000,282.95,119.27,181.18
SOUN,ai,"SoundHound AI, Inc.",2731677184,,-52.25,183986000,0.517,0.40587002,-1.39299,-0.91836,-16690625,215642000,6226000,22.17,5.83,6.27
AI,ai,,1371062656,,-19.572165,250268000,-0.525,0.3092,-2.13818,-1.87946,-26476750,575449024,58681000,30.11,7.675,8.82
BBAI,ai,"BigBear.ai, Inc.",1360216320,,-14.2,127350000,-0.009,0.25764,-0.669,-2.2669098,-59485124,349385984,24109000,9.39,2.79,2.84
VST,grid,Vistra Corp.,52411641856,25.99331,14.383456,19445000192,0.434,0.38637,0.26578,0.11525,-164124992,658000000,20566999040,219.82,132.66,155.44
CEG,grid,Constellation Energy Corporatio,90128973824,21.927889,18.581274,29866999808,0.638,0.23263,0.21858,0.12693,-4478875136,864000000,22466000896,412.7,228.63,252.39
TLN,grid,Talen Energy Corporation,17797425152,,12.396837,3236000000,0.967,0.40142,0.17243999,-0.00649,1386875008,1026000000,6817999872,451.28,300.0,372.37
NRG,grid,,27240462336,143.45557,11.24027,32384000000,0.195,0.16445999,0.03637,0.00738,431624992,178000000,23357999104,189.96,120.11,129.11
NEE,grid,,185201770496,22.53807,20.169075,27865999360,0.073,0.61401004,0.30175,0.29369,-18453374976,1998000000,104403001344,98.75,69.24,88.8
SO,grid,,107431796736,24.373402,19.388914,30175000576,0.08,0.48002997,0.25819,0.14458999,-3950000128,981000000,76004999168,100.84,83.8,95.3
DUK,grid,Duke Energy Corporation (Holdin,97457324032,19.232307,17.43787,32718999552,0.113,0.5105,0.25507,0.15706,-2246500096,2140000000,91208998912,134.49,113.9,125.01
OKLO,grid,Oklo Inc.,7152769536,,-48.937565,,,0.0,0.0,0.0,-100000128,2208609024,2620000,193.84,39.53,41.11
SMR,grid,NuScale Power Corporation,2671936768,,-10.7752,18669000,-0.958,0.23836,-101.81239,0.0,-161970368,890129024,5683000,57.42,7.21,7.72
BWXT,grid,"BWX Technologies, Inc.",15682594816,45.648,32.973637,3376384000,0.261,0.22658001,0.1038,0.10205,165500992,512356992,2017945984,241.82,136.18,171.18
CCJ,grid,,37290336256,81.54286,44.95172,3537865984,0.071,0.36782002,0.18194,0.18389,624778752,1109720064,1010993984,135.24,68.96,85.62
LEU,grid,Centrus Energy Corp.,3069939456,56.745457,39.573154,452300000,0.049,0.25669,-0.00261,0.13397999,-10875000,1868199936,1178599936,464.25,142.13,156.05
UEC,grid,,4592415232,,-92.799995,20200000,,0.0,-6.2965803,0.0,-82066752,488052992,1913000,20.34,7.7,9.28
ETN,grid,,155316109312,39.061523,25.352713,28522000384,0.168,0.37105,0.16104999,0.13986,2646500096,751000000,21833000960,436.74,311.92,399.99
HUBB,grid,Hubbell Inc,25822191616,28.898287,21.771664,5996100096,0.111,0.35685003,0.17749001,0.15105,541449984,516900000,2738700032,565.4999,403.82,488.67
NVT,grid,nVent Electric plc,25053730816,52.693874,26.999144,4325799936,0.535,0.3701,0.15998,0.11371,209875008,190000000,1697400064,184.64,73.05,154.92
ATKR,grid,Atkore Inc.,2479192576,,11.931615,2873980928,0.042,0.20871,0.0545,-0.041929998,254971008,442336000,918868992,90.16,53.49,73.42
AMSC,grid,American Superconductor Corpora,1600467840,10.827869,22.264095,299155008,0.296,0.30813,0.051009998,0.44729,6561500,140692992,4000000,70.49,24.87,33.025
ITRI,grid,"Itron, Inc.",3812740352,13.736421,13.114109,2347024896,-0.033,0.38824,0.11452,0.12315,300839744,712849984,1602113024,142.0,77.77,85.99
TT,grid,Trane Technologies plc,103891656704,35.848972,27.50863,21602799616,0.06,0.35924998,0.15521,0.13415,2662362624,1074200064,4616000000,505.87,348.06,469.98
PWR,grid,"Quanta Services, Inc.",94317305856,86.21811,38.157803,30121150464,0.263,0.15100001,0.04244,0.036679998,1037176768,364760992,6319672832,788.75,363.01,628.53
EME,grid,"EMCOR Group, Inc.",33139353600,24.996975,22.650534,17747283968,0.197,0.19294001,0.08726,0.07537,891520000,916419968,516518016,951.96,540.0,744.16
FIX,grid,,58900074496,48.31342,30.904285,10135687168,0.01,0.25128,0.07885,0.12073,1099853568,70540000,303920992,2073.99,513.99,1674.06
STRL,grid,"Sterling Infrastructure, Inc.",19594823680,57.16741,25.279493,2884774912,0.916,0.23287001,0.17163,0.12016,346893376,511857984,342185984,1005.68,230.0,638.56
IESC,grid,"IES Holdings, Inc.",12213742592,32.659565,,3633202944,0.168,0.26076,0.11531,0.10469,271936992,262638000,107376000,804.0,291.55,613.02
MYRG,grid,"MYR Group, Inc.",6096216576,43.117844,29.05815,3824648960,0.2,0.120620005,0.063779995,0.037100002,227822624,163192000,61522000,503.57,171.51,391.51
POWL,grid,"Powell Industries, Inc.",8480923136,45.466797,33.862827,1132055040,0.065,0.30103,0.19413,0.16513,142181632,544889024,1955000,328.0,69.0,232.79
FSLR,grid,"First Solar, Inc.",22779037696,13.694446,9.043707,5419047936,0.236,0.41743,0.33067,0.30731001,1147664768,2426561024,587123008,320.95,171.99,211.99
NXT,grid,Nextpower Inc.,15832251392,26.848959,17.514978,3559389952,-0.047,0.2192,0.18155001,0.16459998,311732128,1146275968,52858000,163.13,52.61,103.1
FLNC,grid,"Fluence Energy, Inc.",2593251328,,72.0172,2584549120,0.077,0.11708,-0.08434,-0.01617,-133672128,387299008,401968000,33.51,6.602,14.07
EOSE,grid,"Eos Energy Enterprises, Inc.",1465332736,,-103.40511,160708992,4.447,-1.01877,-1.3911,-2.96125,-281868256,410660000,642889024,19.86,3.7325,4.13
BE,grid,Bloom Energy Corporation,61144055808,,47.29104,2449027072,1.304,0.3009,0.09612001,0.00246,265521248,2491432960,2952817920,351.28,24.385,214.96
ALB,grid,Albemarle Corporation,14244146176,,9.533688,5494582784,0.327,0.18531,0.24786,-0.042379998,716711744,1089809024,2005991040,221.0,64.95,120.78
DE,robotics,Deere & Company,161217429504,33.78054,26.170849,47337000960,-0.111,0.25965,0.17479,0.10104,1098749952,8830000128,48473001984,674.19,433.0,597.24
HON,robotics,,71292313600,17.98721,23.021786,37660000256,0.024,0.36925,0.21,0.1089,2936875008,12389999616,37751001088,260.28317,195.86786,225.02
EMR,robotics,Emerson Electric Company,78156349440,32.226326,19.434973,18315999232,0.029,0.52669996,0.24244,0.13354,3272250112,1791000064,14056999936,165.15,122.64,139.54
ROK,robotics,"Rockwell Automation, Inc.",51391877120,47.860107,31.572212,8803999744,0.119,0.48921,0.20724002,0.12358,974499968,423000000,4054000128,497.36,305.44,461.85
TER,robotics,,50462150656,59.917286,32.770447,3786838016,0.87,0.58702,0.37614,0.22553,298311264,245596992,82398000,487.91,89.18,322.355
CGNX,robotics,Cognex Corporation,10662494208,75.376465,35.99782,1046760000,0.243,0.6802,0.22304001,0.13618,181449872,296756000,74017000,72.88,33.45,64.07
ZBRA,robotics,Zebra Technologies Corporation,12737168384,32.25573,12.907211,5583000064,0.143,0.48182,0.14983,0.07487,559000000,114000000,2848999936,352.66,199.05,267.4
AMBA,robotics,"Ambarella, Inc.",2712808448,,53.900932,405187008,0.169,0.58817,-0.19347,-0.17185,47412876,277800000,13271000,96.69,48.3,61.84
OUST,robotics,"Ouster, Inc.",2492600320,,-823.1111,185330000,0.489,0.47694,-0.39549,-0.30122,-46808624,173118000,17385000,63.79,16.4,37.04
NOVT,robotics,Novanta Inc.,5296054784,106.221436,35.891422,1004940992,0.104,0.44232,0.116969995,0.053460002,87253000,388799008,291335008,171.85,98.27,148.71
SYM,robotics,Symbotic Inc.,24899893248,,57.18048,2517042944,0.231,0.2041,0.010880001,-0.0029300002,331211488,2009435008,27925000,87.88,38.185,41.25
SERV,robotics,Serve Robotics Inc.,433109280,,-2.8277779,5195000,5.782,0.0,-16.734919,0.0,-86519248,187478000,4818000,18.64,5.02,5.09
RR,robotics,Richtech Robotics Inc.,357753568,,,4935000,-0.088,0.55826,-10.29555,0.0,133000,328494016,607000,7.43,1.53,1.6
LMT,defense,Lockheed Martin Corporation,117303844864,24.625847,15.858381,75106000896,0.003,0.09906,0.110039994,0.06382,3987124992,1894000000,20696999936,692.0,410.11,508.77
RTX,defense,RTX Corporation,260596695040,36.374058,25.503117,90372997120,0.087,0.20212999,0.13182001,0.080290005,7233375232,6817999872,38934999040,214.5,143.56,193.51
NOC,defense,,74080395264,16.339912,17.28862,42367000576,0.044,0.20517999,0.11689,0.108009994,2071624960,2090000000,17574000640,774.0,493.84,521.57
GD,defense,General Dynamics Corporation,99675152384,23.195719,20.234848,53808001024,0.103,0.15241,0.10541,0.08068,5289500160,3654000128,9831999488,380.71,293.95,368.58
LHX,defense,"L3Harris Technologies, Inc.",52537040896,30.586767,20.685488,12856000512,1.9,0.30414,0.097270004,0.103690006,,1001000000,7926000128,379.23,260.22,282.01
BA,defense,Boeing Company (The),168720351232,84.59684,52.34031,92184002560,0.14,0.048249997,0.01715,0.024600001,2554249984,20177999872,49614000128,254.35,176.77,214.03
GE,defense,,361932914688,41.135612,39.27408,50638999552,0.211,0.31051,0.20571,0.17716,6594625024,9944999936,20230000640,382.97,254.66,348.83
HWM,defense,Howmet Aerospace Inc.,109001277440,63.35581,45.010258,8622999552,0.191,0.35046002,0.28188,0.20225,1192749952,2435000064,4848000000,290.63,169.45,272.43
TDG,defense,,67927425024,37.879913,25.85603,9502999552,0.183,0.59718,0.46659002,0.21909,1524875008,3891000064,32003000320,1623.83,1123.61,1214.43
HEI,defense,,47882526720,61.298748,49.469517,4911297024,0.253,0.40060002,0.25473,0.16078,708155008,210335008,2587290112,369.48,256.11,342.66
CW,defense,,26148433920,51.81845,41.35403,3606414080,0.134,0.37171,0.17557,0.14171,523196256,343447008,1148382976,808.16,463.0,707.84
DRS,defense,"Leonardo DRS, Inc.",11774877696,41.252335,30.668324,3695000064,0.059,0.24357,0.09102,0.07848,264624992,328000000,271000000,50.59,32.43,44.14
MRCY,defense,Mercury Systems Inc,5768958976,,62.155117,966945984,0.115,0.28683,0.031630002,-0.014579999,97339000,331800000,656472000,128.45,50.13,96.08
TXT,defense,Textron Inc.,15907363840,17.458017,12.557862,15187999744,0.118,0.17836,0.08011,0.0615,622374976,1508999936,4215000064,101.57,75.8,91.48
AXON,defense,"Axon Enterprise, Inc.",41129627648,204.112,48.26105,2983247872,0.337,0.59463,0.03748,0.06905,62617500,736972992,1840359040,885.92,339.01,510.28
KTOS,defense,Kratos Defense & Security Solut,8631544832,270.7647,42.18446,1415200000,0.226,0.22886999,0.01779,0.020769998,-106725000,1464300032,185400000,134.0,45.58,46.03
AVAV,defense,"AeroVironment, Inc.",7196462080,,31.379784,1976845056,1.333,0.25325,0.02812,-0.13411,-251387504,632297024,834788992,417.86,135.2,142.2
ACHR,defense,Archer Aviation Inc.,3387120128,,-4.752628,1900000,,0.15788999,-157.625,0.0,-417224992,1775900032,121800000,14.62,4.3,4.44
JOBY,defense,"Joby Aviation, Inc.",7111737856,,-14.46,77671000,,0.38032,-9.63375,0.0,-380630368,2466189056,747726016,20.95,6.89,7.23
KRMN,defense,Karman Holdings Inc.,6118738944,200.73912,49.864994,522585984,0.51,0.41034,0.1551,0.057329997,-40082624,73798000,866992000,118.38,44.0,46.17
RKLB,defense,Rocket Lab Corporation,42250244096,,2254.0002,679577984,0.635,0.36556,-0.22356,-0.26872,-214999376,1383351040,138670000,151.0,37.57,67.62
LUNR,defense,"Intuitive Machines, Inc.",2169315328,,-270.4,334264992,1.987,0.096990004,-0.10295,-0.32694,-32115124,231624000,455172992,46.75,7.78,13.52
ASTS,defense,"AST SpaceMobile, Inc.",22433599488,,-222.13683,84935000,19.522,0.44823003,-10.13994,0.0,-1412748416,3029591040,2991408128,133.86,36.08,57.8
RDW,defense,Redwire Corporation,2018074112,,-20.609756,370958016,0.579,0.12858,-0.71836,-0.809,-71324128,144506000,131888000,26.64,4.87,8.45
PL,defense,Planet Labs PBC,8008364544,,6747.7476,335612000,0.421,0.55579,-0.30459,-1.11171,84853752,730835008,488035008,51.76,5.87,22.47
IRDM,defense,Iridium Communications Inc,4946038784,47.151516,39.392406,875838016,0.019,0.7157,0.23150998,0.12052,252985376,111644000,1788955008,57.18,15.65,46.68
VOYG,defense,"Voyager Technologies, Inc.",1534889600,,-18.766483,167158000,0.021,0.13606,-1.26673,-0.72900003,-229552256,429360992,491320992,52.4,17.41,25.9
LDOS,defense,"Leidos Holdings, Inc.",13393636352,9.750916,8.120106,17329000448,0.037,0.17906,0.12227,0.08154,1194749952,457000000,6944000000,205.77,98.86,106.48
BAH,defense,,7820898816,9.450725,9.472126,11217000448,-0.065,0.22358999,0.09486,0.07587,785374976,728000000,4121999872,120.05,59.5,65.21
CACI,defense,"CACI International, Inc.",10196462592,19.049112,14.787129,9162865664,0.085,0.32558998,0.097349994,0.0586,446507136,159644000,5616314880,683.5,434.7,461.56
SAIC,defense,Science Applications Internatio,4883395584,12.993251,10.499973,7290999808,0.015,0.12605,0.08762,0.055549998,418124992,109000000,2675000064,123.41,81.08,115.51
LLY,health,,1051461156864,41.842087,26.255041,72248999936,0.555,0.82832,0.49386,0.34986,9156599808,5281999872,43370000384,1249.45,623.78,1179.11
NVO,health,,222607147008,12.067146,14.920657,327799996416,0.24,0.83195996,0.61574,0.37205002,-12039249920,21625999360,146381996032,71.8,35.12,50.32
VKTX,health,"Viking Therapeutics, Inc.",4305197568,,-8.122086,,,0.0,0.0,0.0,-177354752,602963968,0,43.15,22.959,37.08
HIMS,health,"Hims & Hers Health, Inc.",7601070592,,36.898876,2369731072,0.038,0.72919,-0.07897,-0.00559,174305120,750875008,1132036992,70.43,13.74,32.84
TEM,health,"Tempus AI, Inc.",9421763584,,-662.75104,1364167936,0.361,0.63389,-0.24334998,-0.22205,-55760000,639072000,1318531968,104.32,41.73,52.47
RXRX,health,"Recursion Pharmaceuticals, Inc.",1563094656,,-3.1282198,66408000,-0.561,0.0,-19.85553,0.0,-177795632,654473024,72375000,7.18,2.77,2.945
SDGR,health,"Schrodinger, Inc.",1144721408,,-9.228915,254904992,-0.016,0.55329,-0.83285004,-0.40597,-49420624,398959008,107008000,23.75,10.945,15.32
WGS,health,GeneDx Holdings Corp.,1884595968,,57.513023,442678016,0.174,0.69557,-0.25607002,-0.17577,3643375,170684992,168192000,170.87,32.21,63.48
ISRG,health,"Intuitive Surgical, Inc.",122334937088,39.70345,28.834116,11034399744,0.185,0.66769,0.33745,0.28445998,,8625500160,0,603.88,344.55,345.42
SYK,health,Stryker Corporation,122625605632,37.021988,19.132824,25269999616,0.026,0.64697,0.17824,0.13205,4359875072,2964999936,15233999872,404.87,281.0,319.87
BSX,health,Boston Scientific Corporation,65444216832,18.422592,11.861274,20614000640,0.116,0.68943,0.20603001,0.17294,2807124992,1452999936,11029000192,109.5,42.2,44.03
EW,health,Edwards Lifesciences Corporatio,49363337216,46.34054,25.498339,6303499776,0.167,0.77866,0.31219998,0.1739,902137472,3671500032,702899968,96.29,72.3,85.73
MDT,health,,106499751936,22.30563,12.989891,36364001280,0.099,0.65309,0.22045,0.13203,4625375232,9219999744,29148999680,106.33,73.31,83.2
ABT,health,,175365750784,28.201681,16.595623,46584999936,0.13,0.56767,0.14151,0.116450004,,7295000064,34136000512,137.49,81.97,100.68
DXCM,health,"DexCom, Inc.",29577164800,32.896996,24.906822,4817900032,0.15,0.61504,0.2142,0.19311,1056637504,2415200000,1384800000,89.98,54.11,76.65
PODD,health,Insulet Corporation,11363561472,38.33177,20.36975,2900800000,0.339,0.71008,0.1603,0.10438,253375008,480400000,1014000000,354.88,138.79,164.06
GEHC,health,GE HealthCare Technologies Inc.,28690024448,15.1247,11.76227,20978999296,0.074,0.39144,0.11089,0.091000006,1483624960,2260999936,10577000448,89.77,58.75,63.07
TMO,health,,197880987648,29.241077,19.536886,45197000704,0.062,0.40932,0.17892,0.15151,5520625152,3256000000,43161001984,643.99,403.36,532.48
DHR,health,Danaher Corporation,144264888320,39.501938,22.063656,24778000384,0.037,0.58992,0.22937,0.14887999,4568500224,5701000192,19683999744,242.8,160.93,203.83
A,health,"Agilent Technologies, Inc.",37128503296,26.397593,19.882755,7232000000,0.1,0.52641,0.23706,0.19552,930625024,1807000064,3542000128,160.27,108.35,131.46
MEDP,health,"Medpace Holdings, Inc.",15357400064,33.79824,28.679852,2678267904,0.265,0.71900004,0.20025998,0.1719,490738880,652681024,146094000,628.916,306.704,537.73
VRTX,health,Vertex Pharmaceuticals Incorpor,123260600320,28.821957,22.681894,12218000384,0.078,0.54390997,0.38126,0.35507,2783225088,7246700032,1986499968,533.67,362.5,485.65
REGN,health,"Regeneron Pharmaceuticals, Inc.",70943522816,16.528824,12.363912,14919600128,0.19,0.43885,0.20658001,0.29648,3273349888,8753699840,2706200064,821.11,541.0,676.69
CRSP,health,CRISPR Therapeutics AG,4705571328,,-12.288526,4103000,0.686,0.0,-89.33333,0.0,-260895744,2441785088,787641984,78.48,44.12,47.78
NTLA,health,"Intellia Therapeutics, Inc.",1589340800,,-6.469795,66092000,-0.095,0.0,-6.68075,0.0,-235232880,375985984,80490000,28.25,7.95,11.375
BEAM,health,Beam Therapeutics Inc.,2832264960,,-5.817443,164011008,3.249,-1.46899,-3.37813,-0.40229,-233555744,1211651968,250822000,38.26,15.6,27.53
ILMN,health,"Illumina, Inc.",28240144384,33.87477,31.459738,4392999936,0.048,0.6829,0.18332,0.19417,845625024,1155000064,2544000000,196.66,88.0,186.65
EXAS,health,,,,,,,,,,,,,,,
GH,health,"Guardant Health, Inc.",20668350464,,-359.8107,1080215040,0.483,0.64896005,-0.40227002,-0.40102002,-85448128,1102759936,1704556032,174.08,40.35,155.87
NTRA,health,"Natera, Inc.",38867222528,,-1325.8588,2500926976,0.388,0.65066004,-0.123900004,-0.09049,136918256,1087932032,240080992,288.04,131.811,271.39
ABBV,health,AbbVie Inc.,449631125504,124.75001,15.63166,62819000320,0.124,0.72026,0.32156,0.05786,20811624448,9390999552,72912003072,261.64,184.63,254.49
JNJ,health,Johnson & Johnson,609122123776,29.320972,19.727968,97929003008,0.066,0.68097,0.28605,0.21482,,22051000320,54987001856,269.43,162.78,253.04
PLTR,outlier,Palantir Technologies Inc.,317356179456,148.74158,63.204235,5224174080,0.847,0.84073997,0.46183997,0.43673,1752997120,8026413056,211976992,207.52,106.37,132.38
GLXY,outlier,Galaxy Digital Inc.,8433538560,,297.68787,58713018368,-0.206,1.0,0.95945,-0.0027599998,,1534283008,4651845120,45.92,16.43,21.63
GEV,outlier,GE Vernova Inc.,284262760448,30.95815,42.98347,39374999552,0.163,0.20282,0.05461,0.23809999,9315624960,9772000256,3755000064,1195.94,530.16,1057.84
TSLA,outlier,"Tesla, Inc.",1430329884672,346.21817,149.10927,97878999040,0.158,0.19065,0.04203,0.03946,5251999744,44743000064,15889999872,498.83,297.82,380.84
SPCX,outlier,Space Exploration Technologies ,1633467367424,,137.30898,19300999168,0.154,0.48826,-0.41627997,-0.44998002,,23675000832,30602999808,225.64,122.12,123.99
UBER,outlier,"Uber Technologies, Inc.",147499499520,17.980148,16.277147,53687001088,0.145,0.39635,0.14565,0.15907,6536625152,6090999808,12419000320,101.99,67.19,72.46
COIN,outlier,"Coinbase Global, Inc.",41394954240,57.7647,33.10926,6285964800,-0.308,0.85475,-0.07097,0.12736,2407562752,10438001664,7964423168,436.38,139.18,157.12
HOOD,outlier,"Robinhood Markets, Inc.",90014490624,48.524273,32.505096,4613000192,0.151,0.92239,0.38519,0.41123,,19270000640,13610000384,153.86,63.515,99.96
SMH,etf,,77198270464,36.027866,,,,,,,,,,671.83,279.19,556.53
IGV,etf,iShares Expanded Tech-Software ,13542322176,32.014446,,,,,,,,,,117.99,73.93,92.8
AIQ,etf,Global X Artificial Intelligenc,10413852672,25.917747,,,,,,,,,,70.26,43.195,58.7
GRID,etf,First Trust NASDAQ Clean Edge S,12076603392,30.198353,,,,,,,,,,199.99,139.18,177.85
URA,etf,,5997526528,32.94671,,,,,,,,,,62.28,35.64,38.73
XLU,etf,State Street Utilities Select S,23111417856,20.853619,,,,,,,,,,47.8,41.15,45.17
BOTZ,etf,Global X Robotics & Artificial ,3517117696,33.741367,,,,,,,,,,41.71,31.875,34.4
ROBO,etf,ROBO Global Robotics and Automa,2048980736,28.504469,,,,,,,,,,90.51,60.724,77.89
ARKQ,etf,ARK Autonomous Technology & Rob,2214976768,38.323933,,,,,,,,,,144.416,92.56,116.14
ITA,etf,iShares U.S. Aerospace & Defens,14444112896,36.516342,,,,,,,,,,251.49,190.16,230.73
PPA,etf,Invesco Aerospace & Defense ETF,8324131840,33.04192,,,,,,,,,,186.3,142.07,168.51
ARKX,etf,ARK Space & Defense Innovation ,933603136,31.975933,,,,,,,,,,37.89,24.771,30.3
XLV,etf,,40598945792,28.987007,,,,,,,,,,165.61,127.96,161.09
XBI,etf,State Street SPDR S&P Biotech E,10734887936,,,,,,,,,,,165.71,84.39,154.26
IHI,etf,iShares U.S. Medical Devices ET,3023981056,29.007734,,,,,,,,,,64.71,47.37,50.51
ARKG,etf,ARK Genomic Revolution ETF,1729676032,,,,,,,,,,,44.465,22.73,39.87
SPY,etf,State Street SPDR S&P 500 ETF T,781188857856,26.736263,,,,,,,,,,760.4,619.29,743.29
QQQ,etf,"Invesco QQQ Trust, Series 1",490103177216,30.85547,,,,,,,,,,748.65,551.68,695.33
IWM,etf,iShares Russell 2000 Index Fund,82970353664,18.217472,,,,,,,,,,302.72,212.34,294.04
