id,label,star,note,updated_at
0c7800a49a,yes,0,"",2026-09-23T12:34:09.903Z
949f7ecf3c,no,0,"",2026-09-23T12:34:23.148Z
9c50fa469f,no,0,"",2026-09-23T12:40:13.311Z
77d05941e2,unsure,0,"",2026-09-23T12:40:42.895Z
a029165591,yes,0,"",2026-09-23T12:41:38.829Z
29af02b8d9,yes,0,"",2026-09-23T12:41:47.613Z
0c1c6d713a,unsure,0,"",2026-09-23T12:42:08.409Z
e277de0133,unsure,0,"",2026-09-23T12:42:10.008Z
d39766004b,yes,0,"",2026-09-23T12:42:16.109Z
f47c280a24,no,0,"",2026-09-23T12:42:18.523Z
3ff56043a0,yes,0,"",2026-09-23T12:42:22.218Z
f4613f601e,no,0,"",2026-09-23T12:42:37.806Z
81ba33be44,yes,0,"",2026-09-23T12:42:50.131Z
7445f68004,no,0,"",2026-09-23T12:42:55.103Z
97cb77e118,no,0,"",2026-09-23T12:43:15.565Z
5a2d55bb5a,yes,0,"",2026-09-23T12:43:21.002Z
1c63b98983,no,0,"",2026-09-23T12:43:25.333Z
348518da2d,unsure,0,"",2026-09-23T12:43:35.540Z
d92360313a,yes,0,"",2026-09-23T12:43:48.286Z
df7a7bedb3,no,0,"",2026-09-23T12:43:58.603Z
60554450ff,no,0,"",2026-09-23T12:44:01.641Z
a0f93108aa,yes,0,"",2026-09-23T12:44:07.316Z
a43bead8e4,no,0,"",2026-09-23T12:44:14.495Z
b199311998,no,0,"",2026-09-23T12:44:23.100Z
f41ccd2128,yes,0,"",2026-09-23T12:44:27.087Z
64ad8e3495,no,0,"",2026-09-23T12:44:32.887Z
a27d8fbd8a,no,0,"",2026-09-23T12:44:48.234Z
23df03211b,yes,0,"",2026-09-23T12:44:53.329Z
199d82c7a5,yes,0,"",2026-09-23T12:45:12.063Z
22ad018dc3,unsure,0,"",2026-09-23T12:45:17.784Z
ce4497fdd6,yes,0,"",2026-09-23T12:45:25.012Z
85dda9b636,no,0,"",2026-09-23T12:45:35.245Z
680af50abc,yes,0,"",2026-09-23T12:45:38.710Z
5832523407,no,0,"",2026-09-23T12:45:42.226Z
fdc9819ae4,no,0,"",2026-09-23T12:45:44.155Z
9217caad2e,no,0,"",2026-09-23T12:45:49.947Z
365484cd61,yes,0,"",2026-09-23T12:45:57.141Z
114fabfee1,yes,0,"",2026-09-23T12:46:00.989Z
d2324f3a6b,no,0,"",2026-09-23T12:46:07.427Z
4034ba023e,yes,0,"",2026-09-23T12:46:11.368Z
217efa5dc2,yes,0,"",2026-09-23T12:46:19.965Z
4e88537267,yes,0,"",2026-09-23T12:46:24.390Z
ae5422c203,no,0,"",2026-09-23T12:46:41.084Z
ffbe4e291e,no,0,"",2026-09-23T12:46:43.561Z
d967cd2a9e,yes,0,"",2026-09-23T12:46:50.112Z
51d5d86ac4,no,0,"",2026-09-23T12:46:54.373Z
7042c4c6a8,yes,0,"",2026-09-23T12:47:00.428Z
90cbee3498,yes,0,"",2026-09-23T12:47:10.727Z
9f611c66c6,no,0,"",2026-09-23T12:47:14.570Z
dc91a1b1f0,no,0,"",2026-09-23T12:47:15.858Z
fe44f80c63,no,0,"",2026-09-23T12:47:17.332Z
bcace833d1,yes,0,"",2026-09-23T12:47:20.733Z
52bfc8df84,no,0,"",2026-09-23T12:47:26.202Z
9aa665c8b5,no,0,"",2026-09-23T12:47:50.250Z
a61d194e09,no,0,"",2026-09-23T12:47:56.804Z
d763bbca7a,yes,0,"",2026-09-23T12:48:11.542Z
d3c18e5522,no,0,"",2026-09-23T12:48:18.370Z
6ca3134c0e,no,0,"",2026-09-23T12:48:21.184Z
b04e7ac14e,no,0,"",2026-09-23T12:48:24.150Z
c85d670036,yes,0,"",2026-09-23T12:48:30.351Z
fd05f32db4,yes,0,"",2026-09-23T12:48:35.518Z
065a7f8699,yes,0,"",2026-09-23T12:48:37.460Z
ab4a741a74,no,0,"",2026-09-23T12:48:39.818Z
88df177a28,no,0,"",2026-09-23T12:48:43.939Z
12301d3d12,yes,0,"",2026-09-23T12:48:47.906Z
6e9f18f92d,no,0,"",2026-09-23T12:48:52.415Z
e41f5635f4,yes,0,"",2026-09-23T12:48:57.559Z
d433a06e01,no,0,"",2026-09-23T12:49:05.631Z
481a56e0fd,no,0,"",2026-09-23T12:49:08.331Z
6e3f791215,yes,0,"",2026-09-23T12:49:15.708Z
b7046577fd,yes,0,"",2026-09-23T12:49:20.382Z
734f3a1aba,yes,0,"",2026-09-23T12:49:24.027Z
cac6593794,no,0,"",2026-09-23T12:49:26.004Z
935f5df6de,yes,0,"",2026-09-23T12:50:13.204Z
ce14f2e552,yes,0,"",2026-09-23T12:50:18.033Z
8f34145894,yes,0,"",2026-09-23T12:50:28.172Z
377f0d13fc,no,0,"",2026-09-23T12:50:33.179Z
2d66417962,no,0,"",2026-09-23T12:50:34.725Z
4a8ee41958,no,0,"",2026-09-23T12:50:35.783Z
4e145d8003,yes,0,"",2026-09-23T12:50:39.225Z
6362ff9de2,yes,0,"",2026-09-23T12:50:41.875Z
e90660d7fb,unsure,0,"",2026-09-23T12:50:49.200Z
54e9822986,no,0,"",2026-09-23T12:50:55.639Z
19b2c05746,yes,0,"",2026-09-23T12:51:06.038Z
6358ff1536,no,0,"",2026-09-23T12:51:15.359Z
7426078452,no,0,"",2026-09-23T12:51:17.730Z
3810ee9dc6,no,0,"",2026-09-23T12:51:19.922Z
b0cd24ea2c,yes,0,"",2026-09-23T12:51:29.627Z
2dff2c509c,yes,0,"",2026-09-23T12:51:39.123Z
4637afa9c4,no,0,"",2026-09-23T12:51:42.651Z
746805a3c6,no,0,"",2026-09-23T12:51:54.472Z
6f64845d73,no,0,"",2026-09-23T12:51:56.944Z
ebcffc3743,no,0,"",2026-09-23T12:51:59.697Z
65ea9f306a,no,0,"",2026-09-23T12:52:01.381Z
2f9d95e457,yes,0,"",2026-09-23T12:52:05.418Z
befbd1a2e8,no,0,"",2026-09-23T12:52:10.056Z
295439ed01,no,0,"",2026-09-23T12:52:12.120Z
16e80ba8b2,yes,0,"",2026-09-23T12:52:15.677Z
e39e83b8ed,yes,0,"",2026-09-23T12:52:22.794Z
0eb3b42f86,no,0,"",2026-09-23T12:52:24.552Z
0b5d8ddbcc,yes,0,"",2026-09-23T12:52:27.286Z
6ce29de221,yes,0,"",2026-09-23T12:52:31.619Z
5a8518b476,yes,0,"",2026-09-23T12:52:34.019Z
808444ed44,no,0,"",2026-09-23T12:52:36.094Z
94ea873c68,no,0,"",2026-09-23T12:52:38.602Z
6a617a2415,no,0,"",2026-09-23T12:52:44.582Z
14c3c8378e,yes,0,"",2026-09-23T12:52:50.670Z
09899a97c5,yes,0,"",2026-09-23T12:52:52.222Z
c800c0b154,no,0,"",2026-09-23T12:52:53.803Z
5cdb4b353d,yes,0,"",2026-09-23T12:53:00.403Z
0f9332500f,yes,0,"",2026-09-23T12:53:14.599Z
f2565271e2,no,0,"",2026-09-23T12:53:18.008Z
c176cb75f6,no,0,"",2026-09-23T12:53:19.787Z
c70d7c0b24,no,0,"",2026-09-23T12:53:22.053Z
c869345b10,yes,0,"",2026-09-23T12:53:24.118Z
9677a79de2,no,0,"",2026-09-23T12:53:31.442Z
03de6f08f6,no,0,"",2026-09-23T12:53:33.946Z
f3cdd23bbb,no,0,"",2026-09-23T12:53:37.819Z
03fd2fbcaf,no,0,"",2026-09-23T12:53:44.712Z
ea08b9e047,yes,0,"",2026-09-23T12:53:48.121Z
256deeb26e,no,0,"",2026-09-23T12:53:53.668Z
5fe27f68f5,yes,0,"",2026-09-23T12:53:57.767Z
3dc26d02a1,no,0,"",2026-09-23T12:53:59.638Z
e0ca791442,yes,0,"",2026-09-23T12:54:01.338Z
16538dbb8f,no,0,"",2026-09-23T12:54:03.188Z
55b23c9864,no,0,"",2026-09-23T12:54:05.338Z
a45fc78cca,no,0,"",2026-09-23T12:54:06.596Z
3f59205c05,no,0,"",2026-09-23T12:54:08.939Z
82f4d526ce,yes,0,"",2026-09-23T12:54:10.882Z
c55399e940,no,0,"",2026-09-23T12:54:12.688Z
7019970825,no,0,"",2026-09-23T12:54:14.155Z
7ef2706275,yes,0,"",2026-09-23T12:54:16.809Z
8cb1c4dc31,yes,0,"",2026-09-23T12:55:32.219Z
e8a23d396f,no,0,"",2026-09-23T12:55:36.386Z
53849ee418,no,0,"",2026-09-23T12:55:40.044Z
e3e7e4f836,no,0,"",2026-09-23T12:55:44.411Z
40e2f47718,yes,0,"",2026-09-23T12:55:48.186Z
90e3757a53,yes,0,"",2026-09-23T12:55:52.088Z
23fba82c37,no,0,"",2026-09-23T12:55:55.195Z
3a72a6b2ca,no,0,"",2026-09-23T12:55:58.308Z
bb3e34975b,yes,0,"",2026-09-23T12:56:00.139Z
a714425e8f,no,0,"",2026-09-23T12:56:13.603Z
c3141a93e5,yes,0,"",2026-09-23T12:56:17.374Z
6186a6dae4,no,0,"",2026-09-23T12:56:23.766Z
2d76c80154,yes,0,"",2026-09-23T12:56:26.687Z
ceb82b841f,no,0,"",2026-09-23T12:56:30.296Z
2de820b929,yes,0,"",2026-09-23T12:56:34.279Z
7fc6eed936,yes,0,"",2026-09-23T12:56:36.829Z
8a46fe16b7,no,0,"",2026-09-23T12:56:39.417Z
67331f37d9,yes,0,"",2026-09-23T12:56:41.637Z
d6616b4413,no,0,"",2026-09-23T12:56:46.762Z
3da2e16f0a,no,0,"",2026-09-23T12:56:49.617Z
558d1c166a,no,0,"",2026-09-23T12:56:51.181Z
a0f866942b,yes,0,"",2026-09-23T12:56:54.642Z
9af23e6b52,yes,0,"",2026-09-23T12:57:01.959Z
56b82e367e,yes,0,"",2026-09-23T12:57:04.313Z
7a488c6986,no,0,"",2026-09-23T12:57:07.150Z
c444c530d5,no,0,"",2026-09-23T12:57:09.961Z
cc253b3eea,no,0,"",2026-09-23T12:57:11.791Z
cd4bc89f82,no,0,"",2026-09-23T12:57:12.904Z
003decac06,yes,0,"",2026-09-23T12:57:15.496Z
fe43d76d26,yes,0,"",2026-09-23T12:57:19.428Z
9563538edb,yes,0,"",2026-09-23T12:57:22.280Z
078dbe5ab0,yes,0,"",2026-09-23T12:57:24.572Z
0dc1ec00cc,no,0,"",2026-09-23T12:57:26.618Z
c8cc3e80fd,no,0,"",2026-09-23T12:57:30.321Z
7f4dea4adf,yes,0,"",2026-09-23T12:57:32.809Z
212b68ba44,yes,0,"",2026-09-23T12:57:35.205Z
b40d4232a7,no,0,"",2026-09-23T12:57:38.392Z
6db34e1b42,no,0,"",2026-09-23T12:57:42.391Z
ff406b4feb,no,0,"",2026-09-23T12:57:47.764Z
8fa77075bb,yes,0,"",2026-09-23T12:57:56.683Z
18bcc45db1,no,0,"",2026-09-23T12:57:59.618Z
4dbfd7ce7e,yes,0,"",2026-09-23T12:58:06.043Z
c51ba20bae,yes,0,"",2026-09-23T12:58:11.210Z
063463b0bf,no,0,"",2026-09-23T12:58:15.338Z
3bdba014f6,yes,0,"",2026-09-23T12:58:43.419Z
21a3b130f9,no,0,"",2026-09-23T12:58:47.836Z
d291065344,no,0,"",2026-09-23T12:58:52.762Z
16d3d3d0cc,yes,0,"",2026-09-23T12:59:15.203Z
78882bdbd6,no,0,"",2026-09-23T12:59:36.992Z
8bbb41797f,no,0,"",2026-09-23T12:59:38.533Z
0ac93b23c6,yes,0,"",2026-09-23T12:59:44.409Z
928d89a6fa,no,0,"",2026-09-23T12:59:47.687Z
77d63707c8,yes,0,"",2026-09-23T13:00:00.004Z
8c81f7d99d,yes,0,"",2026-09-23T13:00:04.571Z
a68a2b6013,no,0,"",2026-09-23T13:00:07.076Z
af9e81e9da,no,0,"",2026-09-23T13:00:08.726Z
472c7191e7,no,0,"",2026-09-23T13:00:11.026Z
be0f13d59d,no,0,"",2026-09-23T13:00:21.334Z
fcc81415bf,yes,0,"",2026-09-23T13:00:24.764Z
a5685ec16c,yes,0,"",2026-09-23T13:00:40.001Z
1fb32526d9,no,0,"",2026-09-23T13:00:41.560Z
5b8d31df80,no,0,"",2026-09-23T13:00:54.093Z
6c212c4118,no,0,"",2026-09-23T13:00:57.598Z
9369b217b4,no,0,"",2026-09-23T13:01:04.894Z
3c0ff5a710,yes,0,"",2026-09-23T13:01:07.144Z
4fc6ded900,yes,0,"",2026-09-23T13:01:14.002Z
b4a1e7e49f,no,0,"",2026-09-23T13:01:16.006Z
bb8c2b8abc,no,0,"",2026-09-23T13:01:17.731Z
08782454a1,yes,0,"",2026-09-23T13:01:20.514Z
bae91ff482,no,0,"",2026-09-23T13:01:21.993Z
baa5fdae80,yes,0,"",2026-09-23T13:01:29.261Z
5f85453b00,yes,0,"",2026-09-23T13:01:34.482Z
e6b3ea2fd5,no,0,"",2026-09-23T13:01:36.540Z
322a366e1c,no,0,"",2026-09-23T13:01:37.818Z
992d627ff2,no,0,"",2026-09-23T13:01:39.115Z
80240abe38,no,0,"",2026-09-23T13:01:40.094Z
b2e49b7603,no,0,"",2026-09-23T13:01:41.652Z
3f5d60e446,no,0,"",2026-09-23T13:01:55.691Z
ac2f5a026b,no,0,"",2026-09-23T13:01:58.583Z
f27b77e536,no,0,"",2026-09-23T13:01:59.811Z
cb68c0a5f8,no,0,"",2026-09-23T13:02:01.507Z
e6e0fc93c6,no,0,"",2026-09-23T13:02:02.432Z
b40d81de3c,yes,0,"",2026-09-23T13:02:07.595Z
d1f4f2e687,yes,0,"",2026-09-23T13:02:14.811Z
1d3ca70946,yes,0,"",2026-09-23T13:02:16.816Z
75d4741138,yes,0,"",2026-09-23T13:02:24.754Z
ded2f367ae,yes,0,"",2026-09-23T13:02:27.949Z
b190a6f5e8,yes,0,"",2026-09-23T13:02:30.100Z
be3f23092f,yes,0,"",2026-09-23T13:02:34.533Z
4e25c04250,no,0,"",2026-09-23T13:02:38.358Z
3d14e1467b,yes,0,"",2026-09-23T13:02:45.338Z
42579789d4,yes,0,"",2026-09-23T13:02:46.771Z
10fdb919cd,no,0,"",2026-09-23T13:02:48.804Z
bb31d53dfc,yes,0,"",2026-09-23T13:02:53.821Z
15db4895b6,no,0,"",2026-09-23T13:02:55.426Z
2dd487a451,yes,0,"",2026-09-23T13:02:58.225Z
e89c43d3f6,no,0,"",2026-09-23T13:03:04.072Z
d7da0c9391,no,0,"",2026-09-23T13:03:05.813Z
21e2e33402,no,0,"",2026-09-23T13:03:07.421Z
baabb56828,yes,0,"",2026-09-23T13:03:10.313Z
7ed78e0769,no,0,"",2026-09-23T13:03:12.226Z
0caf3de3f1,yes,0,"",2026-09-23T13:03:14.463Z
86658620a5,no,0,"",2026-09-23T13:03:15.938Z
3b8a135467,yes,0,"",2026-09-23T13:03:19.093Z
fa350b095a,no,0,"",2026-09-23T13:03:20.784Z
66da5c9ce8,yes,0,"",2026-09-23T13:03:27.492Z
9da553deea,no,0,"",2026-09-23T13:03:32.647Z
f6e071697e,no,0,"",2026-09-23T13:03:34.910Z
5939ab1ad1,yes,0,"",2026-09-23T13:03:44.301Z
2924a12c9f,yes,0,"",2026-09-23T13:03:47.322Z
933194bdad,no,0,"",2026-09-23T13:03:50.677Z
7ca512b6a8,no,0,"",2026-09-23T13:03:54.052Z
ef136c13ed,no,0,"",2026-09-23T13:03:55.139Z
7f795674bf,yes,0,"",2026-09-23T13:03:57.264Z
2c9d519faa,no,0,"",2026-09-23T13:03:58.681Z
aecae94d4e,no,0,"",2026-09-23T13:04:02.981Z
da112a4cd8,no,0,"",2026-09-23T13:04:04.356Z
c0fefa47af,no,0,"",2026-09-23T13:04:05.848Z
19a9bcfde7,no,0,"",2026-09-23T13:04:08.081Z
76b426c2d6,yes,0,"",2026-09-23T13:04:11.715Z
e3b6a7a0c1,yes,0,"",2026-09-23T13:04:14.348Z
77150ae4d0,no,0,"",2026-09-23T13:04:15.723Z
10ab99d384,no,0,"",2026-09-23T13:04:16.831Z
1ee92d5bce,yes,0,"",2026-09-23T13:04:18.331Z
4c64df174e,no,0,"",2026-09-23T13:04:19.873Z
94dad996ba,no,0,"",2026-09-23T13:04:21.056Z
2087caafff,no,0,"",2026-09-23T13:04:22.877Z
2ab3703587,yes,0,"",2026-09-23T13:04:27.778Z
a11f260ef6,no,0,"",2026-09-23T13:04:29.332Z
533611e7ff,yes,0,"",2026-09-23T13:04:32.465Z
10a0cb7a7f,yes,0,"",2026-09-23T13:04:34.932Z
226c2d0af4,no,0,"",2026-09-23T13:04:36.328Z
145bbbe2ca,yes,0,"",2026-09-23T13:04:38.669Z
42314a16ff,no,0,"",2026-09-23T13:04:39.986Z
6e28875034,yes,0,"",2026-09-23T13:04:41.432Z
f151eea734,yes,0,"",2026-09-23T13:04:42.624Z
733bf64ee0,no,0,"",2026-09-23T13:04:44.716Z
328e6dd0e0,no,0,"",2026-09-23T13:04:46.174Z
0f6ed6cbc4,no,0,"",2026-09-23T13:04:52.399Z
e3c682109f,no,0,"",2026-09-23T13:04:54.365Z
5075b65bce,yes,0,"",2026-09-23T13:05:03.324Z
5eb58ca9b2,yes,0,"",2026-09-23T13:05:07.225Z
5946197d4c,no,0,"",2026-09-23T13:05:09.516Z
70c5cf109c,no,0,"",2026-09-23T13:05:11.604Z
b0d0f8ae9d,no,0,"",2026-09-23T13:05:13.341Z
612a4b939a,no,0,"",2026-09-23T13:05:15.058Z
73348faa77,yes,0,"",2026-09-23T13:05:17.341Z
aa13fac577,no,0,"",2026-09-23T13:05:22.917Z
f3420b0758,no,0,"",2026-09-23T13:05:24.641Z
8b1ab21584,yes,0,"",2026-09-23T13:05:26.600Z
cf394002f1,no,0,"",2026-09-23T13:05:28.617Z
64ad221b74,no,0,"",2026-09-23T13:05:30.012Z
32f0dcd214,no,0,"",2026-09-23T13:05:35.725Z
2d87973b2d,no,0,"",2026-09-23T13:05:37.833Z
2b2e34b41d,yes,0,"",2026-09-23T13:05:39.850Z
8a2978b9d2,no,0,"",2026-09-23T13:05:41.350Z
ec0a8e8665,no,0,"",2026-09-23T13:05:43.276Z
6ed354c6e1,no,0,"",2026-09-23T13:05:45.917Z
7960bd3e89,yes,0,"",2026-09-23T13:05:47.575Z
1258a61515,yes,0,"",2026-09-23T13:05:52.133Z
ed340a7b92,no,0,"",2026-09-23T13:05:53.909Z
87a1ece3d3,yes,0,"",2026-09-23T13:05:56.417Z
192dcc2a80,no,0,"",2026-09-23T13:05:58.142Z
5dbc3c0643,no,0,"",2026-09-23T13:06:02.776Z
d9006c4118,no,0,"",2026-09-23T13:06:05.447Z
63811438e7,yes,0,"",2026-09-23T13:06:08.413Z
949237f112,no,0,"",2026-09-23T13:06:12.488Z
96cda1d4d2,yes,0,"",2026-09-23T13:06:14.555Z
5e55044e2a,yes,0,"",2026-09-23T13:06:18.538Z
57bacdcd10,yes,0,"",2026-09-23T13:06:20.347Z
5ada9f29b0,yes,0,"",2026-09-23T13:06:21.822Z
8d74132ffe,yes,0,"",2026-09-23T13:06:27.363Z
8776f67d5b,no,0,"",2026-09-23T13:06:32.114Z
deb60ed100,yes,0,"",2026-09-23T13:06:33.443Z
2a162c85c8,no,0,"",2026-09-23T13:06:35.076Z
d3f5a8cc11,no,0,"",2026-09-23T13:06:38.493Z
a1a32ea35b,no,0,"",2026-09-23T13:06:39.855Z
028cee9efb,yes,0,"",2026-09-23T13:06:41.648Z
7fd92d0d99,no,0,"",2026-09-23T13:06:43.364Z
24fba22270,no,0,"",2026-09-23T13:06:48.564Z
9818addb10,no,0,"",2026-09-23T13:06:51.794Z
779598d487,no,0,"",2026-09-23T13:06:55.706Z
473a0652ea,yes,0,"",2026-09-23T13:06:57.731Z
cc02a8416d,no,0,"",2026-09-23T13:06:59.175Z
33cd292954,no,0,"",2026-09-23T13:07:01.997Z
b2edc77926,no,0,"",2026-09-23T13:07:04.168Z
7415cfb5fe,yes,0,"",2026-09-23T13:07:10.377Z
6bb12e114a,yes,0,"",2026-09-23T13:07:12.339Z
03fb8c180f,no,0,"",2026-09-23T13:07:14.131Z
0afddcf3b4,no,0,"",2026-09-23T13:07:15.535Z
339ea7e492,yes,0,"",2026-09-23T13:07:20.170Z
35216dc4ce,no,0,"",2026-09-23T13:07:23.406Z
445dd412ce,yes,0,"",2026-09-23T13:07:25.428Z
c6628e6f12,no,0,"",2026-09-23T13:07:27.319Z
f933267f2b,no,0,"",2026-09-23T13:07:30.165Z
6e001fdd4f,no,0,"",2026-09-23T13:07:32.319Z
4deba930b6,no,0,"",2026-09-23T13:07:34.732Z
e668127372,no,0,"",2026-09-23T13:07:39.828Z