ticker,R,date,year,kind,base_start,base_len,pos,rsi,wk_since_low,delisted,regime_spy_up,mad_med,pre_vol,contr8,vol_dry8,rsi_slope26,next_break,wk_to_break,ret13,exc13_SPY,mae13,ret26,exc26_SPY,mae26,ret52,exc52_SPY,mae52,trunc52,wk_to_comp,ret_to_comp,comp_before,divup_before,e1_before,id,dup_of
MBLY,2.0,2025-05-02,2025,CTRL,2024-07-26,41,0.34,45.8,33,False,False,0.0812,0.0801,0.46,0.68,-0.28,NONE,,-4.7,-14.7,-4.7,-10.0,-31.0,-10.0,-40.2,-68.8,-53.9,False,,,False,False,False,1ee92d5bce,
CRG,3.0,2016-06-17,2016,CTRL,2015-08-28,43,0.84,52.5,7,True,True,0.0543,25.7859,1.27,0.94,-0.0,UP,8.0,15.6,11.8,-52.7,26.6,16.4,-64.6,-63.8,-83.6,-64.6,False,9.0,14.1,False,False,False,94ea873c68,
NPO,2.0,2020-09-25,2020,CTRL,2020-01-31,35,0.86,54.7,27,False,True,0.1325,0.0438,0.09,1.07,1.05,UP,2.0,34.8,22.1,0.0,57.3,35.9,0.0,55.5,18.6,0.0,False,1.0,2.4,True,False,False,0c1c6d713a,
BOH,2.0,2009-08-14,2009,CTRL,2009-01-02,33,0.84,42.3,23,False,False,0.054,,0.82,0.76,1.29,UP,11.0,10.4,1.1,-3.2,7.5,-0.8,-3.2,21.3,11.8,-3.2,False,14.0,13.3,False,False,False,e277de0133,
QRVO,2.0,2025-01-24,2025,CTRL,2022-03-04,152,0.36,52.3,10,False,True,0.0743,0.0373,0.2,1.42,-0.72,DOWN,10.0,-28.3,-19.1,-36.7,-4.1,-9.5,-36.7,-9.0,-23.7,-36.7,False,,,False,False,False,70c5cf109c,
TCO,1.5,2010-01-29,2010,CTRL,2009-07-24,28,0.41,45.8,27,True,True,0.0447,0.1213,1.1,0.59,-0.44,UP,5.0,38.4,27.3,0.0,32.2,28.6,0.0,69.0,47.7,0.0,False,3.0,17.5,False,False,False,d291065344,
LASR,3.0,2024-04-26,2024,CTRL,2021-12-31,122,0.21,45.2,26,False,True,0.1285,0.0733,0.27,0.76,-0.28,NONE,,6.3,-1.2,-5.4,-10.6,-25.2,-10.6,-32.3,-42.0,-42.5,False,,,False,False,True,e6b3ea2fd5,
RTEC,1.5,2018-09-28,2018,CTRL,2017-09-15,55,0.11,35.2,54,True,True,0.0739,0.0374,0.74,1.13,-0.94,DOWN,1.0,-18.0,-3.8,-24.3,-6.7,-4.9,-24.3,6.8,3.2,-24.3,False,,,True,False,False,746805a3c6,
POL_old,2.0,2012-10-26,2012,CTRL,2010-07-23,119,1.0,70.6,114,True,True,0.0887,0.0941,0.16,0.77,0.81,UP,1.0,21.3,14.3,-0.5,21.4,8.1,-0.5,68.4,41.2,-0.5,False,,,True,False,False,5a8518b476,
SPWH,1.5,2021-07-30,2021,CTRL,2020-12-18,33,0.95,56.9,32,False,True,0.0068,0.0955,0.37,0.89,0.01,DOWN,19.0,-2.3,-7.4,-2.3,-39.8,-41.2,-40.2,-44.2,-39.5,-50.1,False,1.0,0.8,True,False,False,e39e83b8ed,
FB_old,1.5,2014-05-30,2014,CTRL,2013-11-29,27,0.71,59.1,26,True,True,0.0679,0.0695,0.32,1.07,-0.78,UP,8.0,18.2,13.5,-1.3,22.7,14.2,-1.3,25.1,13.4,-1.3,False,1.0,-1.3,False,False,False,14c3c8378e,
DXPE,2.0,2018-08-10,2018,CTRL,2016-11-11,92,1.0,69.9,91,False,True,0.1004,0.1335,0.3,0.72,0.39,UP,2.0,-14.5,-13.1,-31.6,-31.2,-27.7,-40.0,-29.8,-34.9,-40.0,False,1.0,-0.4,True,False,False,bb3e34975b,
GLXY,3.0,2026-03-27,2026,CTRL,2025-04-25,49,0.13,40.0,48,False,False,0.1435,0.1171,0.24,0.68,-0.96,NONE,,62.6,47.3,-2.0,44.8,22.2,-2.0,,,,,11.0,85.3,True,False,False,55b23c9864,
CHUY,1.5,2013-12-27,2013,CTRL,2013-03-01,44,0.58,52.7,43,True,True,0.06,0.077,0.6,0.9,-0.72,NONE,,12.1,10.8,-1.4,-2.8,-10.3,-12.7,-46.8,-62.4,-46.8,False,8.0,7.8,True,False,False,18bcc45db1,
NG,1.5,2021-01-01,2021,CTRL,2020-04-03,40,0.35,46.2,28,False,True,0.0996,0.0818,0.23,0.67,-0.02,DOWN,8.0,-3.7,-11.2,-14.5,-11.6,-28.3,-17.2,-29.1,-57.8,-31.7,False,,,True,False,False,2a162c85c8,
RAX,2.0,2014-11-07,2014,CTRL,2013-11-01,54,0.46,55.7,26,True,True,0.0646,0.0599,0.8,0.86,0.16,UP,17.0,26.9,25.2,0.0,44.3,39.2,0.0,-24.4,-29.8,-35.2,False,1.0,15.5,False,True,True,67331f37d9,
BSI,1.5,2013-03-29,2013,CTRL,2012-09-14,29,0.08,32.8,14,True,True,0.05,0.0631,0.74,1.59,0.8,DOWN,4.0,5.7,2.8,-11.4,5.7,-3.2,-11.4,157.1,136.4,-11.4,False,28.0,20.0,False,False,False,733bf64ee0,
LPG,2.0,2019-03-22,2019,CTRL,2017-03-24,105,0.12,43.0,2,False,True,0.0561,0.0865,0.6,0.66,-0.68,UP,24.0,49.5,43.7,0.0,83.8,76.0,0.0,22.5,38.9,0.0,False,13.0,49.5,False,False,False,03fd2fbcaf,
PRO,1.5,2021-07-09,2021,CTRL,2020-11-13,35,0.69,53.4,34,True,True,0.0489,0.103,0.46,1.03,-0.06,DOWN,12.0,-26.5,-27.4,-26.5,-31.9,-39.6,-35.4,-37.8,-28.3,-46.0,False,,,False,False,False,5a2d55bb5a,
ACB,2.0,2026-02-27,2026,CTRL,2024-08-23,80,0.12,41.8,3,False,True,0.1015,0.18,0.7,0.83,-0.55,DOWN,2.0,-6.2,-16.8,-16.7,4.4,-8.3,-31.5,,,,,,,False,False,False,9da553deea,
DRC,1.5,2012-06-08,2012,CTRL,2011-08-26,42,0.34,40.6,41,True,True,0.0548,0.0539,0.86,0.81,-0.61,UP,14.0,19.6,10.6,-1.9,21.6,13.5,-1.9,40.9,14.4,-1.9,False,13.0,19.6,True,False,False,d2324f3a6b,
EXP,1.5,2018-03-23,2018,CTRL,2016-11-04,73,0.46,42.2,72,False,True,0.0513,0.0401,0.29,1.07,-0.92,NONE,,9.6,2.7,-0.2,-12.0,-26.2,-12.0,-27.9,-38.2,-40.7,False,,,True,False,False,3a72a6b2ca,
PRTS,2.0,2022-09-16,2022,CTRL,2021-12-31,38,0.0,36.4,0,False,False,0.085,0.0865,1.3,0.83,0.66,DOWN,1.0,19.2,19.3,-23.4,-4.7,-6.7,-23.4,-27.6,-44.4,-32.3,False,,,False,False,False,6a617a2415,
PCTY,1.5,2016-02-05,2016,CTRL,2015-05-08,40,0.14,40.4,18,False,False,0.0461,0.0746,2.29,1.52,-0.03,DOWN,1.0,4.8,-5.2,-20.5,48.9,31.6,-20.5,10.2,-14.4,-20.5,False,,,True,False,False,5dbc3c0643,
TPH,1.5,2018-03-23,2018,CTRL,2017-09-22,27,0.5,48.8,26,True,True,0.0476,0.0355,0.12,1.12,-1.14,NONE,,4.1,-2.9,-0.1,-18.3,-32.5,-18.3,-23.7,-34.0,-33.3,False,,,False,False,False,97cb77e118,
TSRO,1.5,2014-09-19,2014,CTRL,2014-03-21,27,0.46,48.1,19,True,True,0.0587,0.102,0.4,0.67,0.45,UP,10.0,31.4,27.9,-10.3,110.6,104.7,-10.3,103.3,103.9,-10.3,False,,,False,False,False,b0d0f8ae9d,
BMA,2.0,2010-03-12,2010,CTRL,2009-08-21,30,0.64,56.9,29,False,True,0.0489,0.1007,0.8,0.45,-1.22,UP,18.0,5.0,9.6,-10.3,44.4,47.0,-10.3,48.5,33.0,-10.3,False,13.0,5.0,False,False,False,f3cdd23bbb,
NGL,1.5,2024-08-23,2024,CTRL,2023-11-17,41,0.13,34.1,39,False,True,0.0631,0.0891,0.67,0.66,-1.87,DOWN,10.0,2.8,-3.5,-6.5,10.4,3.0,-6.5,13.4,-2.8,-31.0,False,22.0,24.3,True,False,False,6e9f18f92d,
DINO,1.5,2010-04-23,2010,CTRL,2009-08-07,38,0.45,49.6,36,False,True,0.0591,0.0825,0.42,1.05,-0.27,UP,25.0,-2.0,6.9,-5.5,25.2,27.0,-5.5,148.6,136.6,-5.5,False,20.0,10.5,True,False,False,ce14f2e552,
RPAI,3.0,2021-01-01,2021,CTRL,2020-01-31,49,0.56,59.7,33,True,True,0.1715,0.0264,0.14,1.01,0.77,UP,18.0,26.7,19.2,0.0,36.7,20.0,0.0,56.6,34.2,0.0,True,2.0,10.5,False,False,False,cc253b3eea,
SNEX,1.5,2015-09-25,2015,CTRL,2015-02-20,32,0.0,35.3,0,False,False,0.1154,0.0363,0.06,0.68,-2.38,NONE,,34.0,26.7,0.0,7.1,0.6,0.0,59.4,45.0,0.0,False,13.0,34.0,False,False,False,ff406b4feb,
CLDT,2.0,2020-09-18,2020,CTRL,2020-03-13,28,0.76,49.5,26,False,True,0.1246,0.035,0.67,0.98,0.93,UP,8.0,46.7,34.6,-8.4,79.8,61.1,-8.4,54.7,19.3,-8.4,False,,,False,False,False,9818addb10,
BBL,1.5,2013-06-28,2013,CTRL,2011-08-05,100,0.0,30.1,0,True,True,0.0539,0.0426,0.4,0.85,-0.59,DOWN,1.0,18.9,13.1,-1.9,22.7,6.9,-1.9,32.6,8.1,-1.9,False,34.0,30.0,False,False,False,e8a23d396f,
SOHU,1.5,2019-03-22,2019,CTRL,2018-08-10,33,0.0,37.5,0,False,True,0.0744,0.0688,0.83,0.78,0.75,DOWN,3.0,-15.1,-20.8,-18.5,-29.6,-37.4,-41.5,-65.6,-49.2,-65.6,False,,,False,False,False,35216dc4ce,
TNT,3.0,2017-06-02,2017,CTRL,2016-09-16,38,0.67,56.5,19,True,True,0.0626,0.1222,0.49,1.07,0.85,NONE,,-6.8,-8.8,-22.2,-33.6,-42.9,-37.0,-54.2,-68.4,-55.6,False,1.0,2.3,False,False,False,199d82c7a5,
PIR,3.0,2018-03-16,2018,CTRL,2015-08-21,135,0.02,36.7,6,True,True,0.1732,0.0587,0.09,0.44,-0.3,DOWN,1.0,-7.3,-8.8,-31.3,-46.5,-53.1,-46.5,-77.8,-82.4,-90.2,False,,,False,False,False,ef136c13ed,
EVC,1.5,2014-04-18,2014,CTRL,2013-06-07,46,0.3,43.9,45,False,True,0.0542,0.084,1.23,1.06,-0.51,DOWN,16.0,5.9,-0.6,-7.4,-18.1,-20.2,-29.5,18.2,4.5,-29.5,False,,,True,False,False,928d89a6fa,
VIV,1.5,2020-10-30,2020,CTRL,2020-03-13,34,0.0,34.9,0,False,True,0.0598,0.0301,0.5,0.65,0.09,NONE,,14.6,0.8,0.0,13.0,-15.8,0.0,16.5,-26.1,0.0,False,33.0,29.1,False,False,False,60554450ff,
IPGP,1.5,2021-06-25,2021,CTRL,2020-10-02,39,0.5,50.4,38,False,True,0.0504,0.0629,0.53,1.05,-1.16,DOWN,8.0,-22.1,-26.5,-22.1,-19.9,-31.0,-25.2,-53.1,-45.8,-58.0,False,,,True,False,False,77d63707c8,
SCLN,1.5,2016-09-09,2016,CTRL,2016-02-26,29,0.16,40.6,24,True,True,0.1036,0.0614,0.15,0.94,-1.34,DOWN,7.0,1.1,-5.6,-12.8,-3.9,-16.5,-12.8,9.0,-8.9,-12.8,False,,,False,False,False,6f64845d73,
NGVC,1.5,2015-08-21,2015,CTRL,2014-11-21,40,0.13,44.8,38,False,False,0.0568,0.0694,0.38,0.86,-0.57,DOWN,12.0,-8.5,-15.0,-8.5,-18.5,-16.8,-23.8,-50.2,-63.1,-50.2,False,,,False,False,True,ebcffc3743,
AEGN,1.5,2015-05-15,2015,CTRL,2014-09-26,34,0.48,52.0,15,True,True,0.0432,0.0368,0.19,0.73,0.75,NONE,,1.6,2.5,-9.8,10.8,14.5,-11.0,1.9,3.5,-11.3,False,25.0,17.0,False,False,True,dc91a1b1f0,
CACC,2.0,2020-12-18,2020,CTRL,2020-04-10,37,0.25,45.9,34,False,True,0.1116,0.067,0.49,1.01,-0.76,NONE,,9.8,4.0,-2.1,24.4,11.3,-2.1,98.1,71.9,-2.1,False,22.0,30.2,False,False,False,1c63b98983,
CORT,1.5,2020-01-17,2020,CTRL,2019-07-19,27,0.35,49.4,26,False,True,0.0442,0.0823,0.51,1.05,-0.44,DOWN,8.0,-2.0,11.1,-20.5,27.8,29.8,-20.5,118.1,102.8,-20.5,False,,,False,False,False,0f6ed6cbc4,
GPS,1.5,2010-04-09,2010,CTRL,2009-08-07,36,1.0,72.9,35,True,True,0.046,0.0712,0.62,0.83,0.03,UP,1.0,-25.1,-15.8,-25.1,-25.9,-24.4,-31.1,-8.7,-22.0,-31.1,False,1.0,0.6,False,False,False,4e88537267,
DJCO,1.5,2025-12-05,2025,CTRL,2025-01-10,48,0.59,56.9,33,False,True,0.0417,0.0506,0.72,7.63,0.19,UP,2.0,11.0,12.6,0.0,12.7,4.5,0.0,,,,,1.0,10.2,True,False,True,7f4dea4adf,
RDUS,1.5,2014-12-05,2014,CTRL,2012-05-18,134,0.12,38.7,8,True,True,0.0612,0.0606,0.44,0.83,-0.55,DOWN,5.0,-26.5,-26.8,-30.3,-16.4,-18.2,-32.2,-25.5,-28.4,-41.2,False,,,False,False,False,9af23e6b52,
MNDT,1.5,2017-06-02,2017,CTRL,2016-08-05,44,0.99,63.7,12,True,True,0.0849,0.0803,0.29,1.19,0.77,UP,3.0,-3.4,-5.4,-9.3,-8.5,-17.9,-10.7,9.0,-5.2,-10.7,False,1.0,-1.0,True,False,True,3ff56043a0,
MLCO,2.0,2010-05-14,2010,CTRL,2009-10-16,31,0.25,45.4,19,False,True,0.1218,0.1051,0.18,1.54,0.69,UP,24.0,-5.7,-1.2,-9.7,52.5,45.9,-9.7,159.7,139.6,-9.7,False,21.0,38.1,False,False,False,f3420b0758,
CUK,2.0,2023-05-05,2023,CTRL,2022-06-10,48,0.65,50.0,30,True,True,0.0739,0.0775,0.48,0.74,0.15,UP,4.0,72.8,64.1,-2.7,26.1,20.0,-2.7,46.3,20.6,-2.7,False,5.0,28.7,True,False,False,3dc26d02a1,
DNB,1.5,2023-12-29,2023,CTRL,2023-02-17,46,0.87,59.6,9,True,True,0.0657,0.0518,1.16,1.24,0.18,NONE,,-13.8,-24.2,-19.6,-20.1,-35.3,-22.2,6.9,-19.9,-22.2,False,3.0,-0.7,False,False,False,bb31d53dfc,
JNCE,2.0,2021-10-22,2021,CTRL,2021-04-09,29,0.84,61.3,12,True,True,0.1499,0.1313,0.53,1.18,0.51,NONE,,-31.4,-28.4,-31.4,-27.0,-21.6,-31.4,-78.9,-62.7,-78.9,False,1.0,-2.4,False,False,True,c0fefa47af,
WNC,1.5,2018-02-16,2018,CTRL,2017-01-27,56,0.78,59.7,55,False,True,0.0404,0.0514,0.9,1.04,0.22,NONE,,-13.2,-12.9,-17.6,-20.4,-25.7,-24.7,-38.6,-42.0,-46.3,False,1.0,-2.5,True,False,False,1258a61515,
HLF,1.5,2017-02-03,2017,CTRL,2016-02-19,51,0.44,53.1,50,False,True,0.0472,0.0579,0.99,0.76,-0.64,UP,13.0,22.6,17.6,-7.7,16.5,7.6,-7.7,44.6,22.2,-7.7,False,12.0,11.8,True,False,True,734f3a1aba,
CLR,1.5,2019-05-17,2019,CTRL,2018-10-26,30,0.2,40.3,21,True,True,0.0425,0.0504,1.56,0.94,0.56,DOWN,2.0,-28.2,-29.7,-28.2,-24.0,-34.1,-33.5,-68.9,-71.1,-79.4,False,,,False,False,False,0ac93b23c6,
CASS,1.5,2018-07-06,2018,CTRL,2016-11-11,87,0.85,66.5,43,False,True,0.0326,0.0285,2.01,1.82,0.86,NONE,,-7.6,-12.6,-8.1,-8.2,-0.8,-13.2,-17.4,-27.9,-22.9,False,1.0,-1.5,True,False,False,c869345b10,
GHL,1.5,2014-04-11,2014,CTRL,2012-08-31,85,0.31,40.5,84,True,True,0.0729,0.0561,0.34,1.26,-0.56,NONE,,-5.5,-14.3,-5.5,-0.8,-6.8,-5.5,-7.6,-25.6,-20.1,False,,,True,False,False,808444ed44,
PE,1.5,2015-09-11,2015,CTRL,2014-12-19,39,0.33,44.9,27,True,False,0.0517,0.068,0.67,1.26,-0.39,UP,9.0,20.5,17.4,-2.7,36.1,31.9,-2.7,123.5,112.7,-2.7,False,10.0,26.6,True,False,False,54e9822986,
TPL,2.0,2021-11-12,2021,CTRL,2021-02-05,41,0.41,48.5,40,False,True,0.0983,0.0834,0.32,0.56,-0.84,NONE,,-14.6,-9.1,-22.4,4.7,18.2,-22.4,110.5,124.0,-22.4,False,28.0,21.9,True,False,False,5cdb4b353d,
SYNT,1.5,2010-02-19,2010,CTRL,2009-07-03,34,0.16,43.6,32,True,True,0.07,0.074,0.62,0.74,-2.07,NONE,,-2.1,-0.7,-2.1,18.1,20.5,-2.2,62.1,38.7,-2.2,False,29.0,28.8,False,False,False,7426078452,
DOOO,1.5,2023-01-13,2023,CTRL,2021-11-12,62,0.65,60.2,13,True,True,0.0654,0.056,0.28,0.45,0.39,UP,3.0,-2.6,-6.5,-9.1,3.1,-10.5,-9.1,-16.4,-37.8,-22.7,False,2.0,2.5,False,False,True,5939ab1ad1,
BPT,1.5,2015-05-29,2015,CTRL,2014-11-14,29,0.52,46.9,10,True,True,0.0727,0.0277,0.48,1.11,0.46,DOWN,10.0,-32.0,-26.9,-38.8,-48.3,-48.6,-48.3,-77.4,-79.1,-79.8,False,,,False,False,False,fdc9819ae4,
PJC,1.5,2018-09-07,2018,CTRL,2017-10-20,47,0.45,43.9,46,True,True,0.0357,0.0487,0.26,0.6,-0.24,NONE,,-11.7,-3.8,-11.7,-5.6,-2.0,-16.2,2.1,-3.6,-16.2,False,33.0,10.6,True,False,False,e89c43d3f6,
GTN,1.5,2014-08-29,2014,CTRL,2013-11-15,42,0.02,40.3,22,False,True,0.0784,0.0708,0.58,0.91,0.07,DOWN,1.0,4.6,0.9,-26.9,10.2,4.1,-26.9,14.4,13.2,-26.9,False,,,True,False,False,21a3b130f9,
LNG,1.5,2024-10-11,2024,CTRL,2022-07-22,117,1.0,68.1,116,False,True,0.0533,0.0511,0.29,0.87,0.87,UP,4.0,18.3,17.8,-4.5,16.0,23.3,-4.5,20.2,6.2,-4.5,False,1.0,-4.5,True,False,False,7042c4c6a8,
IOVA,2.0,2017-03-17,2017,CTRL,2016-04-01,51,0.71,57.5,44,False,True,0.1034,0.0744,0.33,0.84,0.31,DOWN,22.0,-24.5,-27.4,-28.9,-1.3,-7.4,-40.9,111.9,94.1,-40.9,False,28.0,-2.5,False,False,False,82f4d526ce,
QCRH,1.5,2020-11-13,2020,CTRL,2020-04-10,32,1.0,63.3,26,False,True,0.0402,0.051,0.96,0.86,0.31,UP,3.0,11.0,0.9,-1.4,29.3,12.1,-1.4,55.1,22.8,-1.4,False,1.0,-1.4,False,False,False,9677a79de2,
NOG,1.5,2025-09-12,2025,CTRL,2025-02-21,30,0.33,43.8,22,False,True,0.0759,0.0529,0.25,0.81,0.38,DOWN,5.0,-9.7,-13.6,-14.2,12.2,10.9,-14.5,12.7,-4.9,-23.9,False,23.0,14.8,False,False,False,b04e7ac14e,
BANC,1.5,2019-04-19,2019,CTRL,2018-10-05,29,0.42,46.7,17,False,True,0.0716,0.0326,0.28,0.97,0.66,NONE,,-6.9,-9.8,-10.8,0.6,-3.1,-10.8,-38.4,-39.2,-55.1,False,33.0,10.0,False,False,False,0afddcf3b4,
TRGP,2.0,2020-12-04,2020,CTRL,2020-05-08,31,1.0,67.7,30,False,True,0.0895,0.1268,1.5,1.03,0.47,UP,1.0,30.7,26.6,-0.5,75.6,60.4,-0.5,95.3,71.0,-0.5,False,,,False,False,False,e90660d7fb,
ALDX,2.0,2023-01-13,2023,CTRL,2022-07-01,29,0.72,55.8,28,False,True,0.1102,0.1026,0.36,1.01,-0.31,UP,7.0,61.9,58.0,-5.6,21.6,8.0,-5.6,-50.2,-71.7,-77.2,False,5.0,10.2,False,False,False,2ab3703587,
CAR,1.5,2017-04-14,2017,CTRL,2016-05-20,48,0.03,35.0,47,False,True,0.0654,0.0653,1.13,1.0,-0.88,DOWN,4.0,14.9,8.7,-22.2,48.6,37.9,-22.2,75.6,59.4,-22.2,False,,,True,False,False,558d1c166a,
UHS,2.0,2013-04-05,2013,CTRL,2010-09-03,136,0.95,76.5,135,False,True,0.0856,0.0492,0.43,1.09,1.3,UP,3.0,2.3,-3.3,-1.9,24.6,14.6,-1.9,30.6,8.0,-1.9,False,1.0,0.0,True,False,False,445dd412ce,
BLKB,1.5,2024-05-24,2024,CTRL,2023-03-31,61,0.65,56.5,30,False,True,0.043,0.0529,0.36,1.34,-0.78,UP,26.0,3.1,-3.4,-4.9,9.7,-3.5,-4.9,-23.0,-33.7,-23.0,False,9.0,0.8,True,False,False,d3c18e5522,
SPAR,2.0,2019-03-29,2019,CTRL,2018-10-05,26,0.26,43.2,16,True,True,0.068,0.0586,0.35,0.83,0.68,UP,24.0,24.8,20.6,-3.1,57.7,52.2,-3.1,28.1,36.6,-3.1,False,16.0,35.9,False,False,False,9aa665c8b5,
FORM,1.5,2012-06-29,2012,CTRL,2011-09-23,41,0.86,58.8,28,False,True,0.085,0.0658,0.6,0.85,0.93,DOWN,15.0,-13.6,-19.9,-21.3,-29.7,-33.8,-41.6,4.3,-16.2,-41.6,False,1.0,3.9,True,False,False,065a7f8699,
OMED,2.0,2015-02-20,2015,CTRL,2014-03-28,48,0.83,61.8,22,True,True,0.0863,0.1905,0.64,0.98,0.9,NONE,,-15.0,-16.3,-18.6,-25.0,-19.4,-25.0,-65.0,-57.7,-66.0,False,2.0,1.8,True,True,True,7960bd3e89,
BLFS,3.0,2023-11-03,2023,CTRL,2022-01-28,93,0.11,37.7,1,False,True,0.1485,0.0895,0.57,1.0,-0.95,NONE,,57.1,42.9,-4.1,57.9,39.4,-4.1,110.8,77.6,-4.1,False,28.0,92.3,False,False,False,6c212c4118,
RCKY,2.0,2019-08-02,2019,CTRL,2018-02-16,77,0.98,65.8,76,False,True,0.0612,0.0637,0.92,0.73,0.36,UP,6.0,-8.8,-13.9,-9.4,-11.1,-22.1,-11.1,-24.5,-38.4,-46.7,False,1.0,-5.6,True,False,False,4e145d8003,
MOMO,2.0,2017-11-10,2017,CTRL,2017-01-27,42,0.26,36.5,41,False,True,0.0995,0.1281,0.48,0.86,-1.46,DOWN,3.0,-2.5,-4.3,-20.4,33.1,26.4,-20.4,15.2,5.6,-20.4,False,18.0,31.2,True,False,False,23fba82c37,
RAIL,1.5,2017-12-22,2017,CTRL,2017-05-05,34,0.35,49.4,6,False,True,0.0328,0.0745,1.23,1.05,-0.67,DOWN,6.0,-22.3,-19.1,-22.3,-5.4,-8.9,-22.3,-59.8,-51.5,-59.8,False,31.0,5.3,True,False,False,6186a6dae4,
XYZ,2.0,2025-10-31,2025,CTRL,2024-12-13,47,0.64,53.6,26,False,True,0.1335,0.0591,0.14,0.92,0.47,NONE,,-20.4,-22.2,-20.4,-5.4,-11.7,-34.4,,,,,34.0,2.5,True,False,True,2924a12c9f,
BGS,1.5,2011-10-28,2011,CTRL,2011-03-04,35,0.73,63.3,5,False,True,0.0363,0.0307,0.91,0.84,-1.22,UP,1.0,16.4,13.2,0.0,17.9,7.6,0.0,59.3,47.0,0.0,False,5.0,16.6,False,False,False,09899a97c5,
CRC_old,3.0,2019-07-12,2019,CTRL,2018-10-12,40,0.2,46.1,29,True,True,0.1202,0.1207,0.61,0.66,-0.04,DOWN,1.0,-55.0,-54.0,-55.7,-57.4,-66.7,-68.8,-94.0,-101.8,-94.0,False,,,False,False,False,a68a2b6013,
WKEY,3.0,2025-07-11,2025,CTRL,2025-01-10,27,0.35,51.8,14,False,True,0.2072,0.401,0.1,1.09,0.02,UP,15.0,21.2,16.2,-8.3,54.6,42.7,-8.3,19.5,-2.9,-8.3,False,14.0,48.2,False,False,False,e668127372,
CROX,2.0,2017-08-25,2017,CTRL,2016-07-22,58,0.53,66.7,16,False,True,0.0958,0.0654,0.51,1.15,1.28,UP,16.0,23.8,16.8,0.0,54.1,40.6,0.0,129.4,109.6,0.0,False,5.0,8.9,False,False,True,baa5fdae80,
EYPT,3.0,2021-12-31,2021,CTRL,2021-01-01,53,0.53,50.1,52,False,True,0.0947,0.1038,0.49,2.64,0.63,NONE,,-0.7,3.6,-29.1,-36.7,-17.5,-40.8,-71.4,-53.2,-79.8,False,1.0,15.3,True,False,False,7a488c6986,
BIRT,2.0,2011-07-22,2011,CTRL,2009-03-27,122,1.0,66.7,121,True,True,0.0936,,0.99,1.35,0.66,UP,14.0,-7.3,0.1,-17.6,-4.0,-2.8,-17.6,-2.4,-6.0,-17.6,False,1.0,-7.2,True,False,False,0caf3de3f1,
KE,2.0,2023-09-01,2023,CTRL,2020-11-27,145,1.0,69.4,141,False,True,0.1107,0.068,0.18,1.52,0.94,NONE,,-19.6,-21.8,-24.4,-28.5,-43.0,-31.6,-40.7,-67.4,-41.4,False,1.0,-7.1,False,False,False,6e3f791215,
MDR,2.0,2011-02-11,2011,CTRL,2010-05-07,41,0.81,64.2,25,True,True,0.1683,0.0659,0.12,0.76,1.33,UP,3.0,-8.9,-10.0,-8.9,-35.6,-25.2,-35.6,-41.1,-44.1,-55.1,False,1.0,6.3,True,False,False,d763bbca7a,
AAI,2.0,2009-10-30,2009,CTRL,2009-03-27,32,0.0,32.9,0,True,True,0.0972,,1.52,1.27,-0.64,DOWN,3.0,13.9,9.7,-2.8,24.8,9.0,-2.8,74.9,58.3,-2.8,False,51.0,77.1,True,False,False,1fb32526d9,
FMS,1.5,2024-03-22,2024,CTRL,2023-08-18,32,0.31,42.9,21,False,True,0.0433,0.0421,0.3,0.98,0.44,NONE,,6.5,1.7,-1.9,11.2,1.5,-1.9,33.2,23.6,-1.9,False,10.0,16.8,False,False,False,15db4895b6,
BVH,2.0,2022-06-17,2022,CTRL,2021-08-06,46,0.39,44.9,45,True,False,0.0912,0.0918,0.46,0.96,-0.9,DOWN,13.0,-24.4,-30.3,-24.4,-1.6,-7.3,-34.4,38.2,16.1,-34.4,False,,,True,False,False,8776f67d5b,
CLB,2.0,2021-10-01,2021,CTRL,2020-11-27,45,0.21,45.5,44,False,True,0.1301,0.1399,0.18,1.0,-0.75,DOWN,9.0,-23.2,-32.9,-23.2,11.7,6.7,-23.2,-53.5,-37.0,-53.5,False,,,True,False,False,78882bdbd6,
ESEA,3.0,2024-04-19,2024,CTRL,2021-05-07,155,0.77,50.7,153,False,True,0.1594,0.1589,0.22,0.8,-0.2,UP,11.0,16.3,5.1,0.0,34.1,15.3,0.0,-6.3,-14.0,-13.3,False,,,True,False,False,90cbee3498,
AABA,1.5,2016-05-06,2016,CTRL,2015-06-12,48,0.76,60.4,12,True,True,0.0819,0.042,0.19,1.03,0.91,UP,14.0,4.7,-1.9,-2.7,8.2,5.8,-2.7,30.2,11.3,-2.7,False,1.0,-2.0,True,False,True,217efa5dc2,
RYTM,1.5,2020-02-21,2020,CTRL,2019-05-24,40,0.09,36.9,3,False,True,0.0446,0.0567,0.54,0.81,-0.38,DOWN,3.0,10.1,21.0,-23.2,1.0,-1.8,-23.2,48.9,29.8,-23.2,False,,,False,False,False,cb68c0a5f8,
ARQL,2.0,2010-10-29,2010,CTRL,2010-03-05,35,0.65,56.9,32,True,True,0.1181,0.0735,0.21,0.97,0.07,UP,11.0,14.4,6.0,-4.0,27.9,11.6,-4.0,7.2,-3.4,-25.5,False,1.0,1.4,False,False,False,16538dbb8f,
UEC,2.0,2023-01-27,2023,CTRL,2022-04-22,41,0.67,53.4,6,False,True,0.0799,0.1186,0.36,0.71,-0.1,DOWN,8.0,-35.9,-38.8,-35.9,-18.4,-31.9,-37.8,82.6,60.6,-37.8,False,30.0,5.4,False,False,False,51d5d86ac4,
DAL,3.0,2020-09-25,2020,CTRL,2020-02-28,31,0.39,46.9,19,False,True,0.1126,0.0339,0.44,0.63,0.98,UP,22.0,33.4,20.7,0.0,60.0,38.7,0.0,46.2,9.2,0.0,False,8.0,24.7,False,False,False,6ce29de221,
TCOM,1.5,2021-07-16,2021,CTRL,2020-11-06,37,0.0,36.5,0,False,True,0.0748,0.0585,0.76,1.0,-0.74,DOWN,1.0,8.3,4.6,-18.4,-21.5,-30.0,-24.4,-16.1,-6.6,-35.9,False,,,True,False,False,c176cb75f6,
SMWB,2.0,2025-10-24,2025,CTRL,2025-02-14,37,0.5,49.1,27,False,True,0.0981,0.076,0.5,0.77,0.69,DOWN,12.0,-34.5,-36.6,-34.5,-70.6,-76.6,-73.6,,,,,,,True,False,False,a0f866942b,
VRTU,1.5,2019-01-11,2019,CTRL,2017-11-10,62,0.38,49.8,3,True,False,0.0568,0.045,0.55,0.8,-1.29,NONE,,20.6,8.0,0.0,-4.9,-22.1,-9.1,-10.1,-38.3,-26.2,False,9.0,17.2,True,False,False,935f5df6de,
YORW,1.5,2022-03-04,2022,CTRL,2019-08-30,132,0.66,52.0,131,False,False,0.0536,0.0323,0.47,0.8,-0.16,NONE,,-11.8,-7.1,-17.1,-6.1,2.5,-18.3,-5.2,-0.3,-18.9,False,,,False,False,False,90e3757a53,
NUE,1.5,2013-01-18,2013,CTRL,2011-10-14,67,1.0,73.7,35,False,True,0.0421,0.0406,1.22,0.83,0.68,UP,1.0,-10.1,-15.4,-10.1,-2.4,-17.5,-10.1,11.5,-14.8,-10.1,False,1.0,0.3,False,False,False,7fc6eed936,
NAFC,1.5,2009-10-09,2009,CTRL,2009-02-20,34,0.13,37.2,13,True,True,0.037,,0.53,0.58,1.02,NONE,,30.4,23.0,0.0,20.8,8.3,0.0,54.7,43.9,0.0,False,10.0,32.0,False,False,False,be0f13d59d,
E,1.5,2011-09-09,2011,CTRL,2010-06-11,66,0.07,36.3,62,False,False,0.0818,0.0396,0.5,1.62,-1.12,DOWN,2.0,23.4,14.1,-4.2,33.4,13.4,-4.2,36.6,9.4,-4.2,False,19.0,28.0,True,False,False,c800c0b154,
OMF,1.5,2019-03-29,2019,CTRL,2018-09-28,27,0.8,53.2,14,False,True,0.0774,0.0643,0.36,1.31,0.95,UP,4.0,7.4,3.1,-5.2,23.2,17.7,-5.2,-19.0,-10.6,-33.9,False,1.0,4.3,False,False,False,d7da0c9391,
NBTB,1.5,2019-01-25,2019,CTRL,2016-07-15,133,0.65,47.0,130,False,False,0.0467,0.0311,0.31,0.92,-0.65,NONE,,5.9,-5.0,-4.1,8.2,-6.5,-4.1,12.0,-14.0,-4.1,False,14.0,8.3,True,False,False,7415cfb5fe,
HS,3.0,2009-08-07,2009,CTRL,2009-02-13,26,0.81,48.4,22,True,False,0.1134,,0.25,0.98,1.38,UP,13.0,17.4,11.0,-8.6,29.0,22.5,-8.6,46.0,32.9,-8.6,False,13.0,17.4,False,False,False,7ed78e0769,
SBAC,1.5,2024-10-11,2024,CTRL,2023-02-17,87,0.54,58.5,20,False,True,0.0686,0.0478,0.18,0.95,1.28,NONE,,-17.1,-17.6,-17.1,-5.2,2.1,-17.1,-17.4,-31.5,-17.4,False,1.0,6.0,False,True,False,befbd1a2e8,
MASI,1.5,2017-12-01,2017,CTRL,2017-01-13,47,0.56,54.6,46,True,True,0.0381,0.0269,0.3,0.84,-0.43,NONE,,-5.0,-7.2,-6.1,13.6,9.2,-6.1,24.2,18.1,-6.1,False,9.0,4.5,True,False,False,66da5c9ce8,
VIPS,2.0,2022-07-08,2022,CTRL,2021-09-17,43,0.56,52.1,17,False,False,0.1075,0.0903,0.49,0.77,0.82,UP,22.0,-16.1,-9.8,-17.0,52.0,51.3,-31.1,59.2,44.6,-31.1,False,7.0,10.9,True,True,False,73348faa77,
DHCP,2.0,2013-08-09,2013,CTRL,2012-08-17,52,0.58,53.7,51,True,True,0.0996,0.056,0.81,1.06,-0.23,NONE,,-15.5,-20.7,-15.5,-26.0,-33.2,-26.0,-29.0,-45.4,-35.8,False,,,True,False,False,c444c530d5,
PIKE,1.5,2010-05-14,2010,CTRL,2009-11-06,28,0.56,55.8,16,True,True,0.0406,0.0614,0.89,0.86,0.99,DOWN,17.0,-17.9,-13.5,-17.9,-32.5,-39.1,-34.0,-10.2,-30.2,-34.0,False,,,False,False,False,e6e0fc93c6,
TIGO,1.5,2023-10-13,2023,CTRL,2023-01-06,41,0.26,41.9,40,False,True,0.0744,0.0716,0.12,0.66,-0.53,UP,24.0,23.6,12.7,-1.4,32.0,12.8,-1.4,76.3,40.1,-1.4,False,10.0,18.3,False,False,False,af9e81e9da,
LFGR,3.0,2013-10-18,2013,CTRL,2011-05-20,127,0.0,27.7,0,True,True,0.1519,,0.12,0.78,-0.73,DOWN,1.0,4.8,-1.1,-4.6,-17.5,-25.4,-17.5,-72.7,-82.9,-72.7,False,,,False,False,False,cac6593794,
CMC,1.5,2009-12-04,2009,CTRL,2009-04-17,34,0.39,51.2,33,False,True,0.0631,,0.7,1.09,-0.52,DOWN,8.0,-0.1,-3.6,-16.2,-10.4,-7.6,-16.2,4.1,-8.8,-21.8,False,,,False,False,False,2dff2c509c,
SCCO,1.5,2021-10-15,2021,CTRL,2020-11-06,50,0.54,54.5,48,False,True,0.0685,0.0547,0.57,0.82,-0.49,UP,20.0,4.0,-0.5,-11.4,13.4,14.5,-11.4,-23.9,-5.4,-29.7,False,18.0,5.3,True,False,False,a27d8fbd8a,
KND,1.5,2013-04-26,2013,CTRL,2012-06-22,45,0.4,46.0,39,True,True,0.0438,0.0919,0.44,0.89,-0.13,UP,4.0,43.3,35.9,0.0,39.4,27.1,0.0,145.4,125.3,0.0,False,1.0,10.3,False,False,False,e3e7e4f836,
BCO,2.0,2023-01-06,2023,DIVUP,2020-10-02,119,0.42,50.9,114,False,False,0.1046,0.0946,0.37,0.56,0.39,NONE,,11.8,6.0,0.0,14.3,0.4,0.0,44.2,21.8,0.0,False,8.0,17.5,True,False,False,5075b65bce,
YGE,1.5,2011-03-18,2011,DIVUP,2010-06-11,41,0.47,50.7,11,True,True,0.0603,0.0943,0.63,1.35,-0.05,DOWN,9.0,-28.4,-28.4,-32.1,-66.7,-62.8,-66.7,-65.0,-77.2,-73.1,False,2.0,12.3,False,False,True,fd05f32db4,
HABT,1.5,2018-04-27,2018,DIVUP,2017-10-20,28,0.42,51.5,11,True,True,0.0409,0.0544,0.81,0.66,0.79,UP,14.0,11.9,5.8,-12.9,37.9,37.5,-12.9,9.6,-2.6,-12.9,False,10.0,8.9,False,False,False,3c0ff5a710,
XEC,3.0,2012-02-10,2012,DIVUP,2009-11-06,119,0.31,50.7,118,True,True,0.1551,0.0834,0.15,0.77,0.61,NONE,,-5.0,-6.4,-5.0,-6.0,-11.8,-26.2,0.2,-15.3,-26.2,False,,,True,False,False,2b2e34b41d,
SEIC,2.0,2011-12-30,2011,DIVUP,2009-04-03,144,0.38,50.1,143,False,True,0.1176,,0.25,0.71,0.49,NONE,,19.3,6.6,0.0,15.6,6.1,-0.7,36.9,22.8,-0.7,False,11.0,23.2,True,False,False,42579789d4,
SUPN,1.5,2015-01-09,2015,DIVUP,2013-12-27,55,0.35,51.6,11,False,True,0.0538,0.0663,0.2,0.91,0.14,UP,9.0,46.6,43.3,-3.0,106.3,103.7,-3.0,33.4,37.5,-3.0,False,,,True,False,True,03de6f08f6,
TCRD,1.5,2015-05-15,2015,DIVUP,2012-06-15,153,0.46,52.1,152,True,True,0.0487,0.0307,0.11,0.53,0.6,NONE,,3.8,4.8,-5.9,-1.4,2.3,-5.9,-1.5,0.0,-19.8,False,,,True,False,False,3f59205c05,
CLMS,1.5,2013-01-04,2013,DIVUP,2011-07-15,78,0.34,51.8,7,True,True,0.0697,0.0503,0.54,0.76,-0.02,NONE,,6.2,-0.3,-9.2,2.7,-9.8,-9.2,14.7,-12.8,-9.2,False,50.0,12.7,False,False,True,5fe27f68f5,
PRA,2.0,2014-10-03,2014,DIVUP,2012-12-28,93,0.35,51.2,92,True,True,0.0243,0.022,0.19,0.69,0.31,NONE,,6.7,1.6,-2.6,9.7,3.6,-2.6,17.6,16.4,-2.6,False,18.0,9.0,False,False,False,5e55044e2a,
PPP,3.0,2015-05-15,2015,DIVUP,2012-07-20,148,0.23,54.4,147,True,True,0.1807,0.0815,0.1,1.31,0.41,DOWN,10.0,-32.8,-31.8,-38.7,-48.0,-44.3,-52.0,-56.1,-54.5,-65.6,False,,,True,False,False,7ef2706275,
KIRK,1.5,2014-08-08,2014,DIVUP,2013-12-27,33,0.31,51.9,13,True,True,0.0391,0.0554,0.27,0.83,0.42,DOWN,8.0,-0.3,-6.0,-16.7,36.1,28.6,-16.7,53.3,43.6,-16.7,False,,,False,False,True,f2565271e2,
BTE,1.5,2012-10-12,2012,DIVUP,2010-12-03,98,0.48,52.6,16,False,True,0.0801,0.0418,0.18,0.7,0.6,NONE,,-3.8,-7.5,-9.5,-12.5,-24.9,-12.5,-9.1,-30.9,-21.3,False,,,True,False,False,12301d3d12,
WDS,1.5,2024-07-05,2024,DIVUP,2022-02-25,124,0.41,54.9,123,False,True,0.0582,0.0482,0.37,1.08,-0.02,DOWN,5.0,-3.9,-7.5,-16.3,-16.8,-24.2,-22.0,-13.9,-28.1,-36.5,False,,,True,False,False,c70d7c0b24,
AEPI,3.0,2010-11-05,2010,DIVUP,2009-03-20,86,0.47,53.2,85,True,True,0.1593,,0.16,0.41,0.46,NONE,,5.6,-1.8,-8.5,5.7,-4.7,-8.5,-10.1,-14.4,-19.9,False,,,True,False,False,22ad018dc3,
PNSN,2.0,2010-02-26,2010,DIVUP,2009-04-03,48,0.41,50.9,47,True,True,0.0773,,0.77,0.77,-0.19,DOWN,12.0,-28.2,-27.3,-28.2,-47.3,-44.6,-49.7,-31.7,-53.5,-51.2,False,,,False,False,False,a029165591,
CHE,1.5,2012-04-20,2012,DIVUP,2010-02-12,115,0.49,51.0,114,False,True,0.0837,0.0412,0.13,1.43,0.75,UP,21.0,6.6,7.2,-7.5,18.4,13.4,-7.5,34.3,19.1,-7.5,False,17.0,10.6,True,False,False,65ea9f306a,
SONO,2.0,2019-08-23,2019,DIVUP,2018-09-07,51,0.41,58.5,35,False,True,0.0705,,0.52,0.52,0.74,NONE,,13.3,3.7,-4.0,-3.1,-21.3,-4.0,3.2,-18.3,-40.7,False,19.0,18.3,False,False,False,8b1ab21584,
LUCK,2.0,2023-12-15,2023,DIVUP,2022-02-11,97,0.3,52.1,96,False,True,0.086,0.0209,0.37,0.99,0.37,NONE,,12.9,3.9,0.0,12.3,-3.7,-3.9,-1.4,-31.3,-8.8,False,8.0,30.6,True,False,True,8cb1c4dc31,
KAI,1.5,2022-11-11,2022,DIVUP,2021-02-26,90,0.35,52.3,5,False,False,0.0642,0.0639,0.49,1.34,0.05,NONE,,9.4,6.5,-4.8,5.6,1.4,-4.8,34.9,22.6,-4.8,False,12.0,16.0,True,False,False,0b5d8ddbcc,
ARTX,3.0,2015-04-17,2015,DIVUP,2013-11-22,74,0.27,56.4,73,True,True,0.1726,0.0761,0.25,0.4,0.81,DOWN,17.0,-22.6,-25.3,-25.8,-53.5,-52.3,-56.8,4.2,2.1,-56.8,False,,,True,False,False,365484cd61,
NFBK,1.5,2022-09-09,2022,DIVUP,2021-02-05,84,0.49,56.1,12,True,False,0.0545,0.0635,0.27,0.77,1.46,NONE,,6.8,9.7,-2.7,-7.8,-3.6,-7.8,-26.2,-37.6,-34.8,False,7.0,8.1,True,False,True,b2e49b7603,
ALXN,1.5,2013-05-03,2013,DIVUP,2012-02-03,66,0.49,53.1,65,True,True,0.0544,0.0406,0.63,1.06,0.33,UP,25.0,19.5,13.0,-9.9,25.7,15.3,-9.9,58.0,39.1,-9.9,False,10.0,16.4,True,False,False,8fa77075bb,
PAMT,2.0,2023-03-31,2023,DIVUP,2021-09-17,81,0.42,50.0,80,False,True,0.0884,0.0647,0.27,0.6,0.12,DOWN,25.0,-6.5,-15.2,-21.6,-24.7,-29.9,-28.3,-43.4,-73.0,-44.6,False,,,True,False,False,145bbbe2ca,
AZTA,2.0,2011-12-02,2011,DIVUP,2010-11-05,57,0.38,51.2,53,False,False,0.1266,0.0794,0.45,0.94,0.23,NONE,,19.5,8.8,0.0,-6.9,-10.6,-6.9,-19.7,-36.0,-26.1,False,10.0,22.5,True,False,True,a5685ec16c,
NTST,2.0,2022-11-25,2022,DIVUP,2020-08-14,120,0.38,51.1,95,False,True,0.1135,,0.18,1.59,0.04,NONE,,2.8,3.9,-5.2,-7.8,-13.1,-7.8,-16.6,-31.6,-26.2,False,,,True,False,False,f4613f601e,
WLY,1.5,2025-08-22,2025,DIVUP,2024-03-08,77,0.43,50.1,63,False,True,0.0715,0.055,0.34,1.47,-0.18,DOWN,15.0,-14.0,-16.4,-14.0,-26.1,-33.6,-27.7,29.6,9.6,-27.7,False,,,True,False,False,7019970825,
SLF,1.5,2022-11-11,2022,DIVUP,2020-11-06,106,0.43,53.8,4,False,False,0.0652,0.0698,0.51,0.98,0.27,NONE,,10.7,7.8,-0.4,5.8,1.6,-2.7,7.6,-4.7,-2.7,False,11.0,8.8,True,False,True,192dcc2a80,
CAMP_old,2.0,2014-11-07,2014,DIVUP,2014-03-21,34,0.33,51.4,26,True,True,0.0525,0.0684,0.86,0.73,0.31,NONE,,-7.5,-9.2,-15.9,-0.7,-5.8,-16.6,-2.6,-8.0,-20.3,False,,,False,False,False,680af50abc,
TPR,2.0,2013-04-26,2013,DIVUP,2010-09-17,137,0.48,58.0,136,False,True,0.079,0.0452,0.15,1.45,-0.04,NONE,,3.7,-3.8,-1.0,-12.1,-24.4,-12.1,-11.0,-31.1,-15.7,False,,,True,False,False,f27b77e536,
AOS,1.5,2025-07-04,2025,DIVUP,2023-02-03,127,0.23,51.3,13,False,True,0.0819,0.0413,0.3,1.24,0.41,NONE,,8.5,1.2,0.0,1.6,-8.3,-3.7,-5.7,-26.1,-15.8,False,,,True,False,True,76b426c2d6,
LDR,1.5,2013-10-18,2013,DIVUP,2011-12-02,99,0.3,52.6,10,True,True,0.0698,0.0399,0.25,1.15,0.49,DOWN,25.0,3.3,-2.6,-6.3,-14.8,-22.7,-14.8,-31.8,-42.0,-32.8,False,,,True,False,True,87a1ece3d3,
FSM,3.0,2018-01-19,2018,DIVUP,2016-02-05,103,0.28,52.2,102,False,True,0.1757,0.072,0.28,0.68,0.45,NONE,,21.5,26.1,-12.3,12.7,12.1,-12.3,-31.6,-28.4,-34.2,False,,,True,False,False,d39766004b,
SHOE,2.0,2014-11-28,2014,DIVUP,2012-01-20,150,0.36,53.9,146,False,True,0.0848,0.0577,0.35,0.57,0.52,UP,18.0,21.4,19.2,0.0,37.0,34.1,0.0,-0.1,-3.3,-9.1,False,3.0,21.9,True,False,False,339ea7e492,
CUBE,1.5,2017-02-17,2017,DIVUP,2015-04-24,96,0.5,54.0,89,False,True,0.0804,0.0273,0.26,0.8,0.43,NONE,,-6.7,-8.5,-7.5,-11.1,-15.3,-11.4,0.9,-17.5,-11.4,False,37.0,7.6,True,False,True,4fc6ded900,
DXPE,2.0,2022-05-20,2022,DIVUP,2020-11-13,80,0.5,52.1,79,False,False,0.0896,0.1172,0.53,0.84,0.17,NONE,,1.3,-7.5,-0.2,-5.2,-7.7,-16.1,12.4,3.2,-16.1,False,2.0,8.6,False,False,False,8a46fe16b7,
DCMYY,2.0,2010-03-05,2010,DIVUP,2009-01-02,62,0.34,51.1,50,True,True,0.0399,,0.21,0.93,0.59,NONE,,-2.7,3.4,-2.7,12.0,14.1,-3.1,27.7,9.5,-3.1,False,25.0,12.6,False,False,False,77d05941e2,
KMT,2.0,2022-10-28,2022,DIVUP,2020-04-10,134,0.29,54.1,4,False,False,0.1415,0.0665,0.49,0.98,0.45,NONE,,6.8,2.1,-7.9,0.1,-7.7,-7.9,-11.9,-19.2,-11.9,False,,,True,False,False,c8cc3e80fd,
OPY,2.0,2022-11-04,2022,DIVUP,2020-11-13,104,0.44,56.2,103,False,False,0.1338,0.0765,0.36,0.48,0.31,NONE,,27.6,17.5,0.0,0.4,-10.2,-0.3,0.2,-17.1,-7.7,False,7.0,15.8,True,False,False,949f7ecf3c,
CALY,1.5,2019-07-19,2019,DIVUP,2018-10-26,39,0.49,55.6,7,False,True,0.0473,0.036,0.47,1.32,0.6,UP,26.0,14.4,13.7,-6.9,21.3,8.5,-6.9,-2.6,-13.1,-59.9,False,9.0,8.1,False,False,True,96cda1d4d2,
TLK,1.5,2024-01-19,2024,DIVUP,2021-07-30,130,0.49,53.8,129,False,True,0.0562,0.0446,0.21,0.84,0.78,DOWN,13.0,-22.5,-25.5,-22.5,-17.3,-31.9,-28.0,-31.2,-56.7,-34.5,False,,,True,False,True,e41f5635f4,
AXL,3.0,2022-07-22,2022,DIVUP,2020-05-08,116,0.43,52.6,95,True,False,0.127,0.1425,0.61,0.99,0.4,NONE,,-5.3,-0.5,-19.0,-4.0,-5.1,-19.0,9.0,-7.3,-19.0,False,3.0,31.7,True,False,True,b199311998,
TRP,1.5,2023-06-09,2023,DIVUP,2021-03-05,119,0.28,50.9,12,False,True,0.059,0.0568,0.1,0.68,0.36,DOWN,7.0,-11.7,-15.7,-16.1,-4.8,-12.6,-16.2,2.0,-24.1,-16.2,False,,,True,False,True,6358ff1536,
GDEN,3.0,2019-10-25,2019,DIVUP,2017-02-10,142,0.14,51.5,140,True,True,0.3009,0.0412,0.09,0.62,0.24,DOWN,20.0,25.8,16.3,0.0,-46.2,-41.1,-74.2,-9.5,-26.3,-74.2,False,,,True,False,False,2dd487a451,
OPCH,3.0,2014-08-08,2014,DIVUP,2012-02-03,132,0.2,53.6,38,False,True,0.1613,0.0878,0.32,1.04,0.46,DOWN,13.0,-28.8,-34.5,-28.8,-24.2,-31.6,-28.8,-66.5,-76.2,-68.6,False,,,True,False,True,295439ed01,
FISV_old,1.5,2022-04-01,2022,DIVUP,2020-03-27,106,0.42,50.0,104,True,True,0.0552,0.0396,0.53,0.84,0.17,NONE,,-10.1,5.4,-13.4,-9.1,11.3,-13.4,9.7,17.8,-13.4,False,45.0,12.3,True,False,False,19b2c05746,
CCXI_old,3.0,2014-12-12,2014,DIVUP,2013-08-09,71,0.15,54.2,1,True,True,0.0982,0.0591,0.69,0.32,-0.02,NONE,,58.8,55.7,0.0,57.1,51.6,0.0,30.2,27.7,0.0,False,,,False,False,True,2d76c80154,
UWMC,3.0,2025-08-15,2025,DIVUP,2023-01-13,136,0.37,60.1,135,False,True,0.1732,0.077,0.12,3.08,0.01,NONE,,-3.8,-8.5,-3.8,-5.8,-12.4,-15.0,-67.1,-89.1,-73.5,False,,,True,False,True,b40d81de3c,
AMTG,1.5,2014-01-10,2014,DIVUP,2012-03-09,97,0.29,53.6,90,True,True,0.091,0.0341,0.11,0.52,0.6,NONE,,6.9,7.8,0.0,12.5,4.7,0.0,14.4,1.3,0.0,False,42.0,16.4,True,False,False,3d14e1467b,
BPL,2.0,2011-07-01,2011,DIVUP,2009-06-26,106,0.33,51.9,105,True,True,0.114,0.1277,0.17,0.15,0.66,DOWN,21.0,-18.3,-3.2,-18.7,-30.4,-25.2,-30.4,-17.0,-20.8,-30.4,False,,,True,False,False,7f795674bf,
VNET,3.0,2016-03-04,2016,DIVUP,2013-06-07,144,0.44,54.6,143,False,False,0.0982,0.0586,0.27,1.38,-0.11,DOWN,17.0,-32.2,-37.7,-32.4,-53.7,-63.7,-56.1,-64.9,-86.4,-66.1,False,,,True,False,False,c85d670036,
WPZ,3.0,2011-04-22,2011,DIVUP,2009-05-01,104,0.46,50.9,103,True,True,0.1838,,0.11,0.61,0.37,NONE,,4.1,3.0,-4.2,-2.8,3.6,-4.2,10.8,5.6,-4.2,False,39.0,21.7,True,False,False,f47c280a24,
CIMT,2.0,2013-12-06,2013,DIVUP,2013-02-22,42,0.5,53.0,26,True,True,0.0633,0.0866,0.3,0.95,0.27,UP,3.0,40.1,35.4,0.0,-4.4,-13.5,-6.2,28.6,11.4,-18.9,False,2.0,22.5,False,False,False,2de820b929,
PRMX,3.0,2018-09-07,2018,DIVUP,2016-07-15,113,0.3,54.5,15,True,True,0.1683,0.0342,0.15,0.89,0.53,NONE,,-4.8,3.2,-20.1,-30.3,-26.7,-30.8,-44.9,-46.4,-49.1,True,,,True,False,True,377f0d13fc,
CNK,2.0,2026-02-06,2026,DIVUP,2024-06-14,87,0.46,50.2,86,False,True,0.0846,0.0564,0.29,0.69,-0.04,UP,25.0,5.3,-1.8,-3.5,45.4,32.9,-3.5,,,,,8.0,13.8,True,False,False,4c64df174e,
NWPX,2.0,2020-09-04,2020,DIVUP,2018-11-02,97,0.49,52.5,96,False,True,0.0732,0.0466,0.45,1.2,0.95,NONE,,7.3,-1.1,-6.9,25.5,12.6,-6.9,-5.7,-39.9,-7.3,False,6.0,12.2,True,False,True,16d3d3d0cc,
MSM,1.5,2019-12-13,2019,DIVUP,2017-04-07,141,0.37,53.0,121,False,True,0.0658,0.0278,0.14,0.92,0.75,DOWN,13.0,-22.1,-7.4,-22.1,3.4,6.5,-29.8,34.1,16.4,-29.8,False,,,True,False,False,212b68ba44,
OUST,3.0,2023-12-01,2023,DIVUP,2023-03-10,39,0.4,51.4,31,False,True,0.1125,0.129,1.14,0.68,0.17,UP,18.0,-5.3,-17.4,-14.8,99.3,83.6,-17.9,68.3,35.3,-17.9,False,17.0,35.3,False,False,False,23df03211b,
LAMR,3.0,2011-12-02,2011,DIVUP,2009-04-17,138,0.36,52.3,125,False,False,0.1736,,0.4,0.96,0.8,NONE,,31.8,21.1,-2.8,-3.1,-6.8,-3.1,59.2,42.9,-3.1,False,16.0,33.7,True,False,False,5946197d4c,
ING,2.0,2010-09-03,2010,DIVUP,2009-11-20,42,0.41,53.6,17,False,False,0.0641,0.1471,0.56,0.63,0.28,NONE,,2.6,-8.9,-2.6,26.8,6.1,-2.6,-18.9,-27.3,-20.1,False,22.0,22.8,False,False,True,7fd92d0d99,
AWK,1.5,2023-02-10,2023,DIVUP,2020-07-03,137,0.42,50.2,136,False,True,0.0418,0.0596,0.44,0.91,0.55,NONE,,0.0,-1.2,-11.2,-5.9,-15.9,-11.2,-17.0,-41.7,-22.3,False,,,True,False,False,ce4497fdd6,
GNE,2.0,2024-10-18,2024,DIVUP,2023-12-29,43,0.17,51.0,17,False,True,0.0563,0.0667,0.38,0.62,0.64,NONE,,-10.1,-12.7,-11.9,-8.1,1.3,-13.8,-4.5,-19.6,-13.8,False,33.0,40.6,False,False,True,9f611c66c6,
F,2.0,2012-01-06,2012,DIVUP,2009-12-18,108,0.23,51.7,14,False,True,0.1294,0.1126,0.28,0.56,0.68,DOWN,25.0,6.9,-3.0,0.0,-18.2,-25.3,-18.2,18.0,0.9,-22.5,False,,,True,False,True,4034ba023e,
JOY,2.0,2012-12-14,2012,DIVUP,2010-07-09,128,0.23,53.0,19,True,True,0.176,0.0723,0.16,0.72,0.81,NONE,,1.1,-9.9,-0.3,-13.7,-29.9,-13.7,-12.1,-40.1,-20.8,False,,,True,False,True,a0f93108aa,
EVR,1.5,2015-02-06,2015,DIVUP,2013-07-19,82,0.49,51.1,81,False,True,0.0595,0.0411,0.57,0.83,0.41,NONE,,-2.7,-6.1,-4.8,14.2,12.0,-4.8,-7.7,-1.0,-10.6,False,19.0,9.5,True,False,True,d967cd2a9e,
LEG,2.0,2023-03-03,2023,DIVUP,2020-05-22,146,0.3,50.0,145,False,True,0.0828,0.0851,0.23,0.72,0.4,NONE,,-7.5,-13.8,-11.8,-16.2,-28.7,-18.1,-36.7,-65.6,-39.3,False,,,True,False,False,3bdba014f6,
EXP,1.5,2015-08-14,2015,DIVUP,2013-09-13,101,0.4,55.5,100,False,True,0.0591,0.0446,0.32,1.08,-0.26,DOWN,9.0,-18.8,-16.0,-21.5,-36.3,-26.4,-40.6,-1.2,-7.8,-40.6,False,,,True,False,True,16e80ba8b2,
VNET,2.0,2016-03-04,2016,DIVUP,2014-07-11,87,0.34,54.6,61,False,False,0.0628,0.0689,0.43,1.25,-0.11,DOWN,10.0,-32.2,-37.7,-32.4,-53.7,-63.7,-56.1,-64.9,-86.4,-66.1,False,,,False,False,True,d1f4f2e687,
HALO,1.5,2024-04-19,2024,DIVUP,2023-03-03,60,0.5,50.1,50,False,True,0.0766,0.0565,0.16,1.0,0.48,UP,7.0,39.9,28.6,-0.2,36.2,17.3,-0.2,52.1,44.5,-0.2,False,3.0,11.7,True,False,False,53849ee418,
WDR,1.5,2019-11-01,2019,DIVUP,2017-03-31,136,0.38,52.1,135,True,True,0.0622,0.0576,0.7,1.01,0.22,DOWN,17.0,-3.0,-8.6,-4.1,-12.6,-6.0,-33.4,-1.7,-10.4,-33.4,False,,,True,False,False,fe43d76d26,
LII,2.0,2022-09-09,2022,DIVUP,2020-05-01,124,0.49,56.9,121,False,False,0.1148,0.0568,0.34,0.89,0.84,NONE,,-0.2,2.6,-16.9,-4.6,-0.3,-16.9,52.3,40.9,-16.9,False,,,True,False,True,3f5d60e446,
EMN,2.0,2023-02-10,2023,DIVUP,2020-05-29,142,0.4,50.0,137,False,True,0.1092,0.0758,0.23,0.78,0.69,NONE,,-8.5,-9.8,-8.5,-1.0,-11.0,-8.5,-1.5,-26.2,-15.5,False,,,True,False,True,b0cd24ea2c,
PENG,2.0,2018-11-30,2018,DIVUP,2017-09-29,62,0.33,53.2,5,False,True,0.0734,,0.59,0.8,0.07,DOWN,6.0,-17.2,-19.6,-33.8,-50.3,-51.2,-50.3,-10.2,-26.5,-50.3,False,,,True,False,False,ded2f367ae,
CARR,1.5,2022-12-30,2022,DIVUP,2022-01-14,51,0.45,51.5,28,False,False,0.0782,0.0307,0.32,0.79,0.51,NONE,,10.9,3.5,0.0,21.5,4.7,-0.4,41.5,15.3,-0.4,False,2.0,11.2,False,False,True,81ba33be44,
QCRH,2.0,2023-06-09,2023,DIVUP,2020-11-06,136,0.46,50.2,135,False,True,0.0755,0.0796,0.38,0.84,-0.59,NONE,,11.4,7.4,-10.0,20.6,12.8,-10.0,24.2,-1.8,-10.0,False,9.0,17.6,True,False,False,612a4b939a,
PBT,3.0,2024-11-15,2024,DIVUP,2021-12-31,151,0.25,57.9,150,False,True,0.2441,0.0687,0.06,0.58,0.58,NONE,,-13.8,-18.2,-18.3,-13.8,-15.8,-28.8,62.9,46.8,-28.8,False,,,True,False,False,29af02b8d9,
AEGN,1.5,2016-11-25,2016,E1,2016-01-22,45,1.0,73.7,10,True,True,0.0448,0.0551,0.75,0.9,0.43,UP,2.0,-11.4,-18.9,-13.3,-22.1,-32.3,-23.6,8.0,-12.0,-23.6,False,1.0,-5.0,False,False,False,63811438e7,
GLNG,1.5,2023-05-12,2023,E1,2022-03-18,61,0.18,47.6,8,False,True,0.0624,0.058,0.34,0.56,-0.18,NONE,,3.5,-5.1,-6.8,2.9,-4.9,-6.8,23.9,-4.5,-6.8,False,47.0,21.7,True,False,False,114fabfee1,
ASRT,3.0,2016-02-19,2016,E1,2014-08-08,81,0.26,44.9,80,True,False,0.1774,0.0661,0.25,0.93,-0.47,NONE,,14.1,6.5,-23.8,18.7,3.7,-23.8,-100.0,-125.1,-100.0,False,,,True,False,False,0f9332500f,
OXFD,1.5,2019-09-13,2019,E1,2018-08-03,59,0.28,47.9,38,True,True,0.0638,0.0566,0.46,0.82,-0.64,DOWN,26.0,20.6,14.8,0.0,-18.5,-8.8,-18.5,-9.6,-22.8,-32.2,False,8.0,19.1,True,False,False,472c7191e7,
MDCA,3.0,2018-07-13,2018,E1,2016-11-11,88,0.15,40.5,6,True,True,0.1633,0.1064,0.51,0.67,-0.33,DOWN,11.0,-47.9,-47.0,-47.9,-47.3,-40.9,-58.3,-51.4,-61.0,-66.1,False,,,True,False,False,7445f68004,
RACE,2.0,2019-01-25,2019,E1,2017-04-28,92,0.49,46.6,91,False,False,0.0818,0.0308,0.62,0.67,-0.51,UP,19.0,22.7,11.9,0.0,50.3,35.7,0.0,56.3,30.3,0.0,False,7.0,18.5,True,False,False,21e2e33402,
DIOD,2.0,2015-10-02,2015,E1,2012-11-30,149,0.41,38.6,148,False,False,0.082,0.0509,0.61,1.13,-0.76,NONE,,7.8,2.6,-10.6,-4.5,-11.8,-18.3,0.1,-13.2,-18.3,False,,,True,False,False,5832523407,
HTH,1.5,2014-10-03,2014,E1,2013-09-20,55,0.47,49.8,48,False,True,0.0664,0.0357,0.2,0.69,-0.22,NONE,,-6.0,-11.2,-6.9,-7.3,-13.4,-14.2,-6.9,-8.1,-14.2,False,35.0,9.5,True,False,False,8f34145894,
PLAY,1.5,2023-12-15,2023,E1,2023-06-02,29,1.0,69.4,9,False,True,0.0909,0.0605,1.06,0.86,-0.33,UP,1.0,25.9,16.9,-2.5,-12.1,-28.1,-12.1,-44.8,-74.8,-44.8,False,,,False,False,False,3b8a135467,
PFG,1.5,2010-09-24,2010,E1,2009-07-24,62,0.43,52.4,32,False,True,0.0666,0.2007,0.64,0.91,-0.69,UP,11.0,30.2,20.2,0.0,25.5,10.0,0.0,-9.8,-10.7,-14.8,False,6.0,15.1,True,False,False,d92360313a,
ENLC,2.0,2019-02-08,2019,E1,2016-04-08,149,0.13,36.4,7,True,False,0.0704,0.0836,0.33,3.27,-1.14,DOWN,26.0,9.1,2.2,0.0,-21.6,-30.4,-21.6,-45.7,-70.8,-52.8,False,,,True,False,False,03fb8c180f,
BYON,1.5,2010-03-19,2010,E1,2009-07-17,36,0.48,53.6,6,True,True,0.0878,0.0888,0.56,1.02,-0.65,UP,2.0,53.1,56.3,-1.8,2.6,4.6,-1.8,3.4,-9.0,-4.3,False,,,False,False,False,80240abe38,
TV,3.0,2022-11-11,2022,E1,2020-05-22,130,0.08,35.0,124,False,False,0.2124,0.0754,0.1,1.06,-0.91,DOWN,4.0,-0.5,-3.4,-20.4,-15.9,-20.0,-20.8,-57.4,-69.7,-58.1,False,,,True,False,False,322a366e1c,
PIPR,1.5,2017-07-21,2017,E1,2016-10-28,39,0.46,55.2,37,False,True,0.0755,0.0504,0.33,0.54,-0.86,UP,21.0,-2.4,-7.0,-16.9,45.3,30.6,-16.9,22.1,6.7,-16.9,False,17.0,15.7,False,False,False,10ab99d384,
TAK,2.0,2020-05-08,2020,E1,2018-02-02,119,0.36,51.4,7,False,False,0.0599,0.0201,1.28,0.97,-1.3,NONE,,2.8,-12.1,-2.2,-3.5,-24.2,-11.1,-0.4,-47.1,-11.1,False,,,False,False,False,256deeb26e,
LAF,1.5,2016-11-11,2016,E1,2014-10-24,108,0.32,46.5,6,True,True,0.0333,0.0814,1.26,0.84,-0.38,NONE,,0.4,-7.2,-7.2,-1.3,-12.8,-7.2,14.8,-6.9,-11.4,False,,,False,False,False,cf394002f1,
PRLB,2.0,2023-11-10,2023,E1,2022-08-12,66,0.49,60.9,2,False,True,0.1087,0.0538,0.24,0.7,-0.63,NONE,,2.9,-11.3,0.0,-8.2,-27.2,-10.1,12.7,-24.9,-22.8,False,6.0,13.8,False,False,False,9369b217b4,
CARA,2.0,2017-12-15,2017,E1,2017-01-13,49,0.11,46.2,48,True,True,0.1253,0.1239,0.22,0.52,-0.34,NONE,,-1.2,-4.5,-3.7,32.2,27.3,-6.5,10.5,11.5,-6.5,False,28.0,50.7,False,False,False,fcc81415bf,
TNH,1.5,2010-08-20,2010,E1,2010-02-26,26,0.82,59.8,11,True,False,0.0775,0.0419,1.15,0.85,0.65,UP,5.0,17.0,4.6,-2.8,36.7,10.3,-2.8,91.8,85.0,-2.8,False,2.0,1.4,False,False,False,a714425e8f,
VQ,3.0,2011-10-28,2011,E1,2009-07-17,120,0.22,45.1,3,True,True,0.1999,0.1277,0.44,0.66,-0.13,DOWN,7.0,0.3,-2.9,-35.9,5.8,-4.5,-35.9,19.2,3.1,-35.9,True,,,True,False,False,10fdb919cd,
KTOS,3.0,2022-02-25,2022,E1,2020-03-27,101,0.26,43.9,99,False,False,0.1681,0.0729,0.16,0.85,-0.59,DOWN,11.0,-20.9,-16.1,-29.6,-28.8,-22.1,-30.1,-30.5,-22.5,-51.5,False,,,True,False,False,77150ae4d0,
RECN,2.0,2010-09-24,2010,E1,2009-01-02,91,0.18,42.7,2,True,True,0.1036,,0.3,0.78,-0.94,NONE,,45.0,35.0,0.0,45.0,29.5,0.0,-30.2,-31.1,-34.7,False,11.0,44.8,True,False,False,4deba930b6,
GPMT,3.0,2023-05-19,2023,E1,2020-06-05,155,0.06,38.3,2,False,True,0.2758,0.2203,0.14,0.61,-0.19,NONE,,13.0,8.4,0.0,23.4,14.9,-5.6,-14.5,-42.8,-14.5,False,,,True,False,False,cc02a8416d,
SWBI,3.0,2022-11-11,2022,E1,2020-06-05,128,0.08,44.6,5,False,False,0.1144,0.0741,0.05,0.29,-0.25,DOWN,4.0,-11.1,-14.0,-28.2,2.9,-1.3,-28.2,20.6,8.3,-28.2,False,,,True,False,False,ffbe4e291e,
KNSY,1.5,2010-04-02,2010,E1,2009-04-03,53,0.4,49.6,8,True,True,0.0578,,0.74,0.98,-0.09,UP,25.0,0.2,13.0,-9.4,25.6,27.4,-9.4,4.8,-10.5,-9.4,False,21.0,12.0,True,False,False,88df177a28,
VIV_old,1.5,2012-11-02,2012,E1,2011-02-18,90,0.15,40.2,89,True,True,0.0684,0.0326,0.07,1.08,0.12,NONE,,21.0,13.4,0.0,30.1,14.8,0.0,6.0,-21.2,-4.3,False,17.0,26.5,True,False,False,10a0cb7a7f,
FIVE,2.0,2025-05-02,2025,E1,2024-06-28,45,0.49,49.5,4,False,False,0.1052,0.0493,0.57,1.4,-0.38,UP,4.0,57.9,47.9,0.0,86.5,65.5,0.0,173.4,144.8,0.0,False,,,False,False,False,0dc1ec00cc,
EIG,2.0,2011-10-14,2011,E1,2009-05-22,126,0.34,50.0,7,False,False,0.0716,0.0892,0.91,1.08,-0.64,NONE,,25.1,19.3,0.0,17.8,4.7,0.0,30.0,11.0,0.0,False,7.0,22.2,True,False,False,ceb82b841f,
NNOX,3.0,2025-06-06,2025,E1,2023-07-28,98,0.13,46.1,9,False,True,0.1447,0.2297,0.11,0.7,-0.62,DOWN,11.0,-33.3,-41.6,-33.3,-34.2,-49.3,-46.3,-65.1,-89.6,-68.9,False,,,False,False,False,fa350b095a,
SCLN,2.0,2010-10-15,2010,E1,2009-09-18,57,0.42,52.7,43,True,True,0.1524,0.1269,0.21,0.57,-0.58,UP,25.0,38.7,28.3,0.0,45.1,31.8,0.0,31.4,25.2,0.0,False,6.0,22.5,True,False,False,0c7800a49a,
AIP_old,1.5,2016-03-18,2016,E1,2014-05-30,95,0.32,45.4,8,True,True,0.0358,0.0313,0.23,0.73,-0.78,NONE,,-1.0,-2.6,-3.8,9.3,3.8,-3.8,47.2,28.8,-3.8,False,17.0,14.8,False,False,False,779598d487,
NAVI,2.0,2015-10-30,2015,E1,2014-04-18,81,0.2,38.8,4,False,True,0.1127,,0.25,1.5,-0.97,DOWN,10.0,-26.6,-20.3,-30.9,6.6,6.2,-30.9,2.9,-1.5,-30.9,False,,,True,False,False,348518da2d,
AV_old2,1.5,2015-11-06,2015,E1,2013-09-06,114,0.43,44.7,113,True,True,0.0584,0.0382,0.31,2.03,-0.48,DOWN,14.0,-15.0,-5.0,-15.0,-15.6,-14.7,-18.1,-28.7,-30.1,-35.4,False,,,True,False,False,52bfc8df84,
ALSN,1.5,2025-11-21,2025,E1,2024-07-19,71,0.13,44.3,6,False,True,0.0824,0.0337,0.14,1.0,-0.4,UP,13.0,41.0,36.0,0.0,30.9,17.2,0.0,,,,,8.0,30.7,True,False,False,aecae94d4e,
AUB,1.5,2022-07-29,2022,E1,2020-11-13,90,0.48,47.0,89,False,False,0.0485,0.0829,0.25,1.16,-0.74,NONE,,0.9,6.1,-11.4,12.4,13.1,-11.4,-6.4,-19.1,-30.0,False,23.0,7.5,True,False,False,64ad8e3495,
JBHT,1.5,2025-06-06,2025,E1,2024-04-05,62,0.18,41.3,7,False,True,0.0454,0.0339,0.57,1.27,-0.74,NONE,,2.8,-5.5,-0.5,35.2,20.0,-5.2,105.2,80.7,-5.2,False,22.0,22.6,False,False,False,3810ee9dc6,
XPER,2.0,2024-08-30,2024,E1,2022-10-14,99,0.25,49.7,3,False,True,0.0875,,0.53,1.38,-0.55,NONE,,7.4,0.1,-8.6,-4.1,-10.2,-8.6,-32.0,-47.8,-34.2,False,,,False,False,False,75d4741138,
VOXX,3.0,2021-10-01,2021,E1,2020-10-09,52,0.17,43.4,51,True,True,0.1923,0.1352,0.27,0.51,-0.47,NONE,,-11.8,-21.6,-13.3,-14.1,-19.1,-16.9,-34.0,-17.5,-43.8,False,,,True,False,False,2087caafff,
EXEL,3.0,2010-09-10,2010,E1,2009-01-02,89,0.17,42.1,4,False,True,0.1477,,0.18,0.62,-0.62,UP,14.0,76.1,63.9,0.0,198.1,179.5,0.0,85.9,79.9,0.0,False,13.0,76.1,True,False,False,4a8ee41958,
EFSC,2.0,2020-06-05,2020,E1,2018-10-12,87,0.43,50.7,3,False,True,0.065,0.0226,0.89,0.96,-1.47,NONE,,-8.7,-16.4,-18.9,2.5,-14.3,-22.6,46.9,12.5,-22.6,False,36.0,17.8,False,False,False,ae5422c203,
WNC,1.5,2023-12-01,2023,E1,2022-10-28,58,0.25,50.3,57,False,True,0.0682,0.0586,0.21,0.66,-0.45,UP,17.0,19.9,7.8,0.0,1.2,-14.5,-0.1,-10.5,-43.5,-21.2,False,9.0,24.9,False,False,False,b190a6f5e8,
LTBR,3.0,2022-07-29,2022,E1,2021-10-08,43,0.26,55.0,4,False,False,0.1747,0.1279,0.31,0.48,-0.53,DOWN,8.0,-26.7,-21.5,-38.5,-39.7,-39.1,-45.0,-12.6,-25.3,-52.9,False,,,False,False,False,ea08b9e047,
HLIT,2.0,2020-07-24,2020,E1,2018-06-08,112,0.32,48.2,111,False,True,0.0946,0.0781,0.31,1.09,0.07,NONE,,27.6,19.4,-6.0,46.0,25.7,-6.0,47.8,8.7,-6.0,False,13.0,27.6,True,False,False,8bbb41797f,
PNB,2.0,2013-10-04,2013,E1,2012-11-02,49,0.33,51.1,47,True,True,0.0921,104.1875,0.81,0.74,-0.9,NONE,,1.2,-7.7,-8.1,-1.9,-13.4,-8.2,2.8,-15.8,-8.2,False,,,True,False,False,9c50fa469f,
TORC,3.0,2019-05-03,2019,E1,2018-03-02,62,0.15,46.6,6,True,True,0.1721,,0.47,1.09,-0.37,NONE,,26.5,26.5,-11.6,-3.8,-8.9,-16.3,-81.6,-79.8,-88.1,False,,,False,False,False,0eb3b42f86,
SPSC,1.5,2021-08-27,2021,COMP,2020-11-06,43,1.0,76.7,42,False,True,0.0453,0.0599,2.13,0.85,0.47,UP,1.0,4.6,2.4,0.0,-4.3,-2.2,-13.6,-7.2,1.5,-26.1,False,,,,,False,4dbfd7ce7e,
KRA,2.0,2019-04-12,2019,COMP,2018-10-12,27,0.89,56.2,16,True,True,0.1298,0.0435,0.23,1.47,1.6,NONE,,-15.7,-19.9,-31.5,-39.9,-43.0,-39.9,-69.9,-67.7,-83.1,False,,,,,False,8a2978b9d2,
HES,1.5,2023-08-11,2023,COMP,2022-09-30,46,1.0,65.4,45,True,True,0.0395,0.0672,1.1,1.05,0.33,UP,4.0,-10.0,-9.2,-10.0,-9.4,-22.7,-14.5,-13.8,-35.0,-14.5,False,,,,,False,e3b6a7a0c1,
BGFV,3.0,2010-12-10,2010,COMP,2009-03-27,90,0.74,56.9,86,True,True,0.1062,,0.25,0.43,0.72,NONE,,-15.1,-20.7,-15.1,-45.0,-48.5,-45.0,-31.4,-34.6,-57.6,False,,,,,False,6db34e1b42,
OCUL,2.0,2017-05-19,2017,COMP,2016-11-11,28,0.76,57.1,27,False,True,0.0867,0.171,0.82,0.87,-0.04,DOWN,8.0,-43.4,-45.7,-44.4,-52.1,-61.4,-52.1,-33.2,-49.3,-61.3,False,,,,,False,f41ccd2128,
AUPH,2.0,2025-08-08,2025,COMP,2024-08-16,52,1.0,72.3,51,False,True,0.0591,0.0669,1.13,1.96,0.33,UP,1.0,28.5,22.9,-0.9,27.0,18.0,-0.9,39.4,16.7,-0.9,False,,,,,False,c51ba20bae,
ACHC,1.5,2019-06-07,2019,COMP,2018-11-16,30,0.99,56.2,24,False,True,0.0688,0.0479,0.16,0.83,0.85,UP,2.0,-20.2,-24.3,-22.1,-3.9,-14.4,-22.1,-11.2,-24.5,-62.9,False,,,,,False,d433a06e01,
CLF,3.0,2016-11-25,2016,COMP,2016-06-03,26,1.0,73.8,25,False,True,0.0732,0.1606,1.06,1.0,-0.39,UP,2.0,8.1,0.6,-15.1,-38.0,-48.3,-39.2,-33.3,-53.2,-42.6,False,,,,,False,c3141a93e5,
BFR,2.0,2014-05-02,2014,COMP,2013-09-06,35,1.0,69.8,34,True,True,0.1052,0.0567,0.61,0.91,0.07,UP,5.0,32.9,30.1,-9.7,34.0,25.8,-9.7,99.5,85.3,-9.7,False,,,,,False,b7046577fd,
CARR,1.5,2026-02-27,2026,COMP,2025-08-01,31,0.81,59.9,14,False,True,0.077,0.0473,0.66,1.09,0.83,UP,9.0,-0.5,-11.0,-15.8,-8.1,-20.8,-15.8,,,,,,,,,True,9563538edb,
FLG,1.5,2025-12-19,2025,COMP,2025-01-17,49,1.0,62.1,48,False,True,0.0374,0.099,1.75,0.88,0.12,UP,7.0,-8.2,-3.8,-8.8,9.6,-0.7,-8.8,,,,,,,,,False,be3f23092f,
RVT,1.5,2013-01-18,2013,COMP,2010-08-20,127,1.0,71.2,126,False,True,0.0528,0.0403,0.53,1.13,0.57,UP,1.0,0.7,-4.6,0.0,12.8,-2.4,0.0,26.2,-0.1,0.0,False,,,,,False,078dbe5ab0,
WGO,1.5,2023-02-03,2023,COMP,2022-06-24,33,1.0,62.6,31,False,True,0.054,0.0624,1.31,1.02,0.03,UP,23.0,-13.1,-13.5,-19.9,-0.7,-9.9,-19.9,0.5,-21.2,-19.9,False,,,,,False,baabb56828,
MIDD,1.5,2024-02-23,2024,COMP,2022-03-25,101,0.77,64.4,17,False,True,0.0423,0.0346,0.4,0.63,0.94,NONE,,-18.7,-23.2,-18.7,-7.4,-18.8,-22.3,9.0,-10.7,-22.3,False,,,,,True,d6616b4413,
WU,2.0,2011-02-04,2011,COMP,2009-03-13,100,1.0,79.8,99,False,True,0.0634,,0.48,0.87,0.99,UP,1.0,-0.8,-3.6,-0.8,-14.3,-6.7,-14.3,-4.3,-9.0,-27.1,False,,,,,False,003decac06,
EIGI,2.0,2018-07-06,2018,COMP,2015-12-11,135,0.67,71.9,64,True,True,0.0754,0.0665,0.57,1.4,0.91,DOWN,24.0,-21.5,-26.5,-22.0,-35.1,-27.7,-43.1,-54.7,-65.2,-58.8,False,,,,,True,5ada9f29b0,
LNTH,1.5,2024-05-10,2024,COMP,2023-08-04,41,1.0,63.2,15,False,True,0.0619,0.0673,0.61,0.81,0.38,UP,1.0,28.0,25.4,0.0,15.1,-0.5,0.0,7.5,-2.2,0.0,False,,,,,False,8c81f7d99d,
HY,1.5,2017-10-20,2017,COMP,2017-04-21,27,1.0,66.1,26,False,True,0.0316,0.0587,1.05,0.99,-0.17,UP,2.0,9.4,-0.2,-1.6,-6.3,-11.0,-14.3,-25.6,-35.0,-26.9,False,,,,,False,56b82e367e,
VA,1.5,2015-09-11,2015,COMP,2015-01-16,35,0.68,64.6,10,True,False,0.0891,,0.29,0.85,-0.1,UP,8.0,1.9,-1.2,-5.4,-14.6,-18.8,-19.9,60.9,50.1,-19.9,False,,,,,False,c6628e6f12,
IMMR,1.5,2015-05-08,2015,COMP,2014-10-31,28,1.0,69.4,9,False,True,0.0463,0.0581,1.73,0.92,0.72,UP,2.0,5.2,6.5,-1.6,14.2,14.0,-5.3,-42.6,-41.9,-42.6,False,,,,,False,57bacdcd10,
GIII,1.5,2025-09-26,2025,COMP,2025-02-07,34,0.74,55.3,15,False,True,0.0514,0.0577,0.4,0.99,0.61,UP,10.0,11.6,7.0,-8.4,-2.2,1.4,-8.4,2.5,-15.6,-8.4,False,,,,,True,ac2f5a026b,
FANG,3.0,2021-01-08,2021,COMP,2020-03-27,42,1.0,66.0,41,False,True,0.1484,0.0919,0.3,1.54,0.87,UP,1.0,32.5,24.2,-0.1,59.2,44.3,-0.1,118.6,94.7,-0.1,False,,,,,False,2c9d519faa,
GBT,2.0,2020-01-10,2020,COMP,2019-01-04,54,1.0,74.0,53,True,True,0.0822,0.1011,0.24,2.44,1.12,UP,1.0,-21.7,-7.6,-46.0,-14.7,-13.2,-46.0,-41.5,-60.7,-54.2,False,,,,,False,063463b0bf,
MNDY,2.0,2023-02-17,2023,COMP,2022-04-08,46,1.0,60.7,15,False,True,0.1038,0.1255,0.72,0.94,0.49,UP,1.0,-2.2,-5.4,-24.1,5.2,-2.8,-24.1,47.1,22.6,-24.1,False,,,,,False,028cee9efb,
NWL,1.5,2024-10-25,2024,COMP,2023-09-22,58,0.97,60.8,16,False,True,0.0641,0.0614,0.33,1.44,0.37,UP,2.0,23.0,17.7,0.0,-41.5,-37.2,-45.2,-40.4,-58.8,-45.2,False,,,,,False,bcace833d1,
ACM,1.5,2010-04-23,2010,COMP,2009-03-13,59,0.73,59.1,57,False,True,0.0532,,0.21,0.62,0.72,DOWN,9.0,-19.1,-10.1,-28.1,-15.9,-14.0,-28.1,-12.3,-24.3,-28.1,False,,,,,False,992d627ff2,
LBY,2.0,2012-11-30,2012,COMP,2010-02-12,147,1.0,73.5,146,True,True,0.0919,0.2232,0.53,1.31,0.45,UP,5.0,-24.1,-31.8,-24.2,-13.3,-29.6,-26.0,-5.7,-35.8,-26.0,False,,,,,False,6362ff9de2,
IDTI,1.5,2017-11-03,2017,COMP,2016-11-04,53,1.0,73.4,52,True,True,0.0414,0.0659,0.69,1.04,0.33,UP,1.0,-8.1,-15.2,-8.1,-6.5,-10.4,-9.8,49.7,42.6,-9.8,False,,,,,False,e0ca791442,
KALV,2.0,2025-04-25,2025,COMP,2024-02-16,63,0.73,61.5,15,True,False,0.0716,0.0851,0.3,1.69,0.85,UP,12.0,12.2,-3.8,-12.2,-14.3,-38.0,-14.5,51.1,20.0,-17.0,False,,,,,True,9217caad2e,
KLIC,1.5,2017-11-17,2017,COMP,2017-01-27,43,1.0,76.7,42,False,True,0.0555,0.0351,0.33,0.83,0.09,UP,1.0,-17.8,-24.3,-20.2,-18.0,-24.2,-20.2,-21.4,-29.5,-25.4,False,,,,,False,2f9d95e457,
STKL,2.0,2025-11-07,2025,ANTI,2025-01-10,44,0.02,30.3,29,True,True,0.0611,0.0697,0.73,0.86,-0.41,DOWN,2.0,61.2,58.0,-12.8,63.7,53.2,-12.8,63.7,52.9,-12.8,True,,,,,False,a43bead8e4,
AMN,1.5,2016-10-07,2016,ANTI,2016-03-04,32,0.07,38.0,31,False,True,0.0711,0.0665,0.48,1.13,-1.13,DOWN,4.0,18.3,12.0,-7.1,24.3,13.8,-7.1,41.2,20.5,-7.1,False,,,,,False,4637afa9c4,
RGP,1.5,2018-12-28,2018,ANTI,2017-09-29,66,0.12,38.5,65,False,False,0.0398,0.0515,1.3,0.99,-0.38,NONE,,18.8,4.3,0.0,15.9,-3.4,0.0,20.2,-12.6,0.0,False,,,,,False,a11f260ef6,
TLK,1.5,2011-01-07,2011,ANTI,2009-07-03,80,0.25,34.4,79,False,True,0.0561,0.0539,0.38,1.21,-1.24,NONE,,0.1,-4.9,-4.5,7.8,1.1,-4.5,-2.0,-4.6,-4.5,False,,,,,False,cd4bc89f82,
COUR,3.0,2024-05-03,2024,ANTI,2021-12-03,127,0.0,21.7,0,False,True,0.1879,0.0781,0.25,1.36,-2.14,DOWN,1.0,-9.6,-14.1,-31.3,-27.7,-40.1,-31.3,-11.4,-23.7,-34.9,False,,,,,False,85dda9b636,
FOLD,2.0,2018-11-09,2018,ANTI,2017-06-02,76,0.26,35.8,75,True,True,0.0749,0.116,0.3,1.12,-0.97,DOWN,6.0,7.6,9.7,-20.9,20.2,15.4,-20.9,-15.6,-29.0,-25.9,False,,,,,False,19a9bcfde7,
ALB,2.0,2025-04-04,2025,ANTI,2024-06-07,44,0.0,28.4,0,False,False,0.0929,0.0668,0.38,0.95,-0.72,DOWN,1.0,15.6,-8.5,-9.6,52.6,19.4,-9.6,209.7,178.4,-9.6,False,,,,,False,6e001fdd4f,
GAP,1.5,2025-10-10,2025,ANTI,2025-04-18,26,0.11,43.5,10,False,True,0.0486,0.0748,0.46,1.2,-0.15,UP,13.0,44.6,38.0,0.0,35.3,30.6,0.0,,,,,,,,,False,b40d4232a7,
CEO,1.5,2015-08-21,2015,ANTI,2014-10-03,47,0.0,27.4,0,True,False,0.0749,0.0336,0.45,0.91,-0.76,DOWN,2.0,1.3,-5.1,-5.8,-3.9,-2.2,-17.4,19.6,6.6,-17.4,False,,,,,False,a45fc78cca,
SASR,1.5,2023-09-08,2023,ANTI,2023-03-10,27,0.22,37.3,17,True,True,0.0548,0.0359,0.61,0.66,0.89,NONE,,12.2,8.6,-8.1,7.1,-8.6,-8.1,51.3,28.3,-8.1,False,,,,,False,f933267f2b,
BGC_old,2.0,2009-12-04,2009,ANTI,2009-04-03,36,0.29,41.3,35,True,True,0.0743,,0.62,0.9,-1.14,NONE,,-11.0,-14.4,-17.3,-0.3,2.6,-17.3,21.9,9.0,-19.6,False,,,,,False,6ca3134c0e,
DMD,1.5,2012-11-09,2012,ANTI,2012-05-04,28,0.07,40.5,1,True,True,0.0866,0.0934,1.02,0.81,-0.84,DOWN,14.0,0.7,-9.9,-2.2,11.2,-8.4,-8.8,-39.2,-70.3,-41.5,False,,,,,False,ab4a741a74,
EOAN,2.0,2015-09-04,2015,ANTI,2012-09-28,154,0.0,20.9,0,True,False,0.039,0.0458,1.07,0.8,-1.16,DOWN,1.0,-7.3,-16.7,-21.8,-8.6,-13.8,-21.8,-12.0,-27.8,-21.8,False,,,,,False,df7a7bedb3,
MTRX,3.0,2021-12-17,2021,ANTI,2020-01-24,100,0.0,25.9,0,False,True,0.1217,0.0451,0.93,0.84,-0.39,DOWN,5.0,23.1,26.2,-10.2,-27.7,-7.8,-28.9,-10.1,5.2,-46.4,False,,,,,False,da112a4cd8,
BVN,1.5,2012-08-03,2012,ANTI,2010-12-10,87,0.0,36.8,0,False,True,0.049,0.0523,0.36,0.7,-0.37,DOWN,1.0,0.6,-1.5,-4.5,-13.9,-23.7,-13.9,-61.9,-87.3,-61.9,False,,,,,False,226c2d0af4,
LOPE,1.5,2010-12-17,2010,ANTI,2010-06-25,26,0.3,44.3,18,False,True,0.0782,0.0453,0.2,1.01,0.03,DOWN,10.0,-21.7,-24.9,-21.7,-31.1,-34.3,-32.5,-19.4,-19.3,-32.5,False,,,,,False,328e6dd0e0,
CEIX,2.0,2018-12-21,2018,ANTI,2017-12-08,55,0.22,32.2,54,True,False,0.1031,,0.79,0.96,-0.88,DOWN,25.0,18.3,1.7,0.0,-8.4,-31.7,-15.7,-51.0,-86.8,-58.8,False,,,,,False,481a56e0fd,
ENBL,2.0,2014-11-28,2014,ANTI,2014-04-11,34,0.0,34.5,0,True,True,0.0439,,0.39,0.74,-1.3,DOWN,2.0,-9.0,-11.2,-13.5,-8.3,-11.2,-18.0,-48.6,-51.8,-48.6,False,,,,,False,2d66417962,
ARWR,2.0,2022-09-09,2022,ANTI,2022-01-14,35,0.33,43.5,12,False,False,0.1085,0.0866,0.61,0.94,0.59,DOWN,26.0,-21.6,-18.7,-23.5,-31.8,-27.5,-31.8,-22.5,-33.8,-37.0,False,,,,,True,8d74132ffe,
CRNT,2.0,2021-11-19,2021,ANTI,2021-02-19,40,0.0,34.1,0,False,True,0.0623,0.1285,0.53,0.63,-0.51,DOWN,1.0,-29.8,-22.7,-29.8,-39.4,-23.0,-40.1,-35.8,-21.6,-40.1,False,,,,,False,7ca512b6a8,
CHNGU,2.0,2020-04-03,2020,ANTI,2019-06-28,41,0.22,36.4,2,True,False,0.0525,,3.33,0.35,-0.64,NONE,,13.2,-13.2,0.0,44.1,8.4,0.0,106.7,42.7,0.0,False,,,,,False,86658620a5,
ADBE,1.5,2025-01-10,2025,ANTI,2024-02-16,48,0.0,30.9,0,False,True,0.0607,0.0477,1.38,0.92,-0.75,DOWN,9.0,-13.2,-5.4,-14.0,-10.5,-18.6,-14.1,-17.7,-38.7,-21.1,False,,,,,False,bae91ff482,
MBUU,1.5,2023-10-27,2023,ANTI,2022-08-26,62,0.0,33.4,0,False,False,0.0407,0.0533,0.28,0.98,-0.63,DOWN,2.0,11.2,-8.0,-3.9,-24.1,-48.7,-24.1,-9.9,-52.8,-27.4,False,,,,,False,94dad996ba,
KRO,2.0,2019-08-16,2019,ANTI,2018-08-10,54,0.0,31.5,0,False,True,0.0794,0.0442,1.45,0.72,-0.28,DOWN,1.0,37.7,29.3,-7.2,10.6,-7.4,-7.2,30.1,11.2,-23.5,False,,,,,False,b4a1e7e49f,
ACB,1.5,2026-01-02,2026,ANTI,2025-02-21,46,0.17,44.3,39,False,True,0.0744,0.1547,0.65,0.91,-0.1,DOWN,5.0,-20.7,-17.0,-26.3,-34.6,-44.2,-34.8,,,,,,,,,False,d3f5a8cc11,
SRPT,1.5,2026-03-06,2026,ANTI,2025-08-08,31,0.0,36.3,0,False,True,0.0944,0.1265,1.01,0.64,0.32,DOWN,1.0,-5.7,-15.7,-5.7,34.6,19.5,-11.1,,,,,,,,,False,5b8d31df80,
MRC,2.0,2018-12-07,2018,ANTI,2016-02-26,146,0.3,33.0,145,True,False,0.114,0.0734,0.28,0.69,-1.5,NONE,,10.2,5.5,-17.7,4.8,-5.4,-17.7,-7.5,-29.4,-25.7,False,,,,,False,fe44f80c63,
ONDS,3.0,2022-01-21,2022,ANTI,2021-02-19,49,0.0,33.5,0,False,False,0.1019,4.1926,1.41,0.94,-0.37,NONE,,67.4,69.8,0.0,15.8,24.9,0.0,-57.3,-49.2,-63.3,False,,,,,False,a1a32ea35b,
ZIOP,2.0,2010-08-13,2010,ANTI,2010-01-08,32,0.16,43.4,29,True,False,0.1733,0.1656,0.38,0.92,-1.53,NONE,,21.0,9.5,0.0,63.9,39.7,0.0,42.9,31.7,0.0,False,,,,,False,a61d194e09,
DEC,1.5,2026-01-16,2026,ANTI,2025-04-18,40,0.27,43.0,39,False,True,0.0441,0.068,0.86,1.51,-0.34,UP,9.0,24.7,21.8,0.0,11.7,3.7,0.0,,,,,,,,,False,ed340a7b92,
SYNT,1.5,2010-02-19,2010,CTRL,2009-07-03,34,0.16,43.6,32,True,True,0.07,0.074,0.62,0.74,-2.07,NONE,,-2.1,-0.7,-2.1,18.1,20.5,-2.2,62.1,38.7,-2.2,False,29.0,28.8,False,False,False,6ed354c6e1,7426078452
ADBE,1.5,2025-01-10,2025,ANTI,2024-02-16,48,0.0,30.9,0,False,True,0.0607,0.0477,1.38,0.92,-0.75,DOWN,9.0,-13.2,-5.4,-14.0,-10.5,-18.6,-14.1,-17.7,-38.7,-21.1,False,,,,,False,949237f112,bae91ff482
RACE,2.0,2019-01-25,2019,E1,2017-04-28,92,0.49,46.6,91,False,False,0.0818,0.0308,0.62,0.67,-0.51,UP,19.0,22.7,11.9,0.0,50.3,35.7,0.0,56.3,30.3,0.0,False,7.0,18.5,True,False,False,2d87973b2d,21e2e33402
ACM,1.5,2010-04-23,2010,COMP,2009-03-13,59,0.73,59.1,57,False,True,0.0532,,0.21,0.62,0.72,DOWN,9.0,-19.1,-10.1,-28.1,-15.9,-14.0,-28.1,-12.3,-24.3,-28.1,False,,,,,False,6e28875034,992d627ff2
NOG,1.5,2025-09-12,2025,CTRL,2025-02-21,30,0.33,43.8,22,False,True,0.0759,0.0529,0.25,0.81,0.38,DOWN,5.0,-9.7,-13.6,-14.2,12.2,10.9,-14.5,12.7,-4.9,-23.9,False,23.0,14.8,False,False,False,3da2e16f0a,b04e7ac14e
OUST,3.0,2023-12-01,2023,DIVUP,2023-03-10,39,0.4,51.4,31,False,True,0.1125,0.129,1.14,0.68,0.17,UP,18.0,-5.3,-17.4,-14.8,99.3,83.6,-17.9,68.3,35.3,-17.9,False,17.0,35.3,False,False,False,1d3ca70946,23df03211b
EVC,1.5,2014-04-18,2014,CTRL,2013-06-07,46,0.3,43.9,45,False,True,0.0542,0.084,1.23,1.06,-0.51,DOWN,16.0,5.9,-0.6,-7.4,-18.1,-20.2,-29.5,18.2,4.5,-29.5,False,,,True,False,False,32f0dcd214,928d89a6fa
TLK,1.5,2024-01-19,2024,DIVUP,2021-07-30,130,0.49,53.8,129,False,True,0.0562,0.0446,0.21,0.84,0.78,DOWN,13.0,-22.5,-25.5,-22.5,-17.3,-31.9,-28.0,-31.2,-56.7,-34.5,False,,,True,False,True,c55399e940,e41f5635f4
PIKE,1.5,2010-05-14,2010,CTRL,2009-11-06,28,0.56,55.8,16,True,True,0.0406,0.0614,0.89,0.86,0.99,DOWN,17.0,-17.9,-13.5,-17.9,-32.5,-39.1,-34.0,-10.2,-30.2,-34.0,False,,,False,False,False,deb60ed100,e6e0fc93c6
IDTI,1.5,2017-11-03,2017,COMP,2016-11-04,53,1.0,73.4,52,True,True,0.0414,0.0659,0.69,1.04,0.33,UP,1.0,-8.1,-15.2,-8.1,-6.5,-10.4,-9.8,49.7,42.6,-9.8,False,,,,,False,473a0652ea,e0ca791442
LII,2.0,2022-09-09,2022,DIVUP,2020-05-01,124,0.49,56.9,121,False,False,0.1148,0.0568,0.34,0.89,0.84,NONE,,-0.2,2.6,-16.9,-4.6,-0.3,-16.9,52.3,40.9,-16.9,False,,,True,False,True,d9006c4118,3f5d60e446
ZIOP,2.0,2010-08-13,2010,ANTI,2010-01-08,32,0.16,43.4,29,True,False,0.1733,0.1656,0.38,0.92,-1.53,NONE,,21.0,9.5,0.0,63.9,39.7,0.0,42.9,31.7,0.0,False,,,,,False,42314a16ff,a61d194e09
SMWB,2.0,2025-10-24,2025,CTRL,2025-02-14,37,0.5,49.1,27,False,True,0.0981,0.076,0.5,0.77,0.69,DOWN,12.0,-34.5,-36.6,-34.5,-70.6,-76.6,-73.6,,,,,,,True,False,False,08782454a1,a0f866942b
FMS,1.5,2024-03-22,2024,CTRL,2023-08-18,32,0.31,42.9,21,False,True,0.0433,0.0421,0.3,0.98,0.44,NONE,,6.5,1.7,-1.9,11.2,1.5,-1.9,33.2,23.6,-1.9,False,10.0,16.8,False,False,False,e3c682109f,15db4895b6
HTH,1.5,2014-10-03,2014,E1,2013-09-20,55,0.47,49.8,48,False,True,0.0664,0.0357,0.2,0.69,-0.22,NONE,,-6.0,-11.2,-6.9,-7.3,-13.4,-14.2,-6.9,-8.1,-14.2,False,35.0,9.5,True,False,False,40e2f47718,8f34145894
CROX,2.0,2017-08-25,2017,CTRL,2016-07-22,58,0.53,66.7,16,False,True,0.0958,0.0654,0.51,1.15,1.28,UP,16.0,23.8,16.8,0.0,54.1,40.6,0.0,129.4,109.6,0.0,False,5.0,8.9,False,False,True,533611e7ff,baa5fdae80
DCMYY,2.0,2010-03-05,2010,DIVUP,2009-01-02,62,0.34,51.1,50,True,True,0.0399,,0.21,0.93,0.59,NONE,,-2.7,3.4,-2.7,12.0,14.1,-3.1,27.7,9.5,-3.1,False,25.0,12.6,False,False,False,5f85453b00,77d05941e2
BGS,1.5,2011-10-28,2011,CTRL,2011-03-04,35,0.73,63.3,5,False,True,0.0363,0.0307,0.91,0.84,-1.22,UP,1.0,16.4,13.2,0.0,17.9,7.6,0.0,59.3,47.0,0.0,False,5.0,16.6,False,False,False,5eb58ca9b2,09899a97c5
TRGP,2.0,2020-12-04,2020,CTRL,2020-05-08,31,1.0,67.7,30,False,True,0.0895,0.1268,1.5,1.03,0.47,UP,1.0,30.7,26.6,-0.5,75.6,60.4,-0.5,95.3,71.0,-0.5,False,,,False,False,False,bb8c2b8abc,e90660d7fb
SBAC,1.5,2024-10-11,2024,CTRL,2023-02-17,87,0.54,58.5,20,False,True,0.0686,0.0478,0.18,0.95,1.28,NONE,,-17.1,-17.6,-17.1,-5.2,2.1,-17.1,-17.4,-31.5,-17.4,False,1.0,6.0,False,True,False,f6e071697e,befbd1a2e8
PPP,3.0,2015-05-15,2015,DIVUP,2012-07-20,148,0.23,54.4,147,True,True,0.1807,0.0815,0.1,1.31,0.41,DOWN,10.0,-32.8,-31.8,-38.7,-48.0,-44.3,-52.0,-56.1,-54.5,-65.6,False,,,True,False,False,6bb12e114a,7ef2706275
LNTH,1.5,2024-05-10,2024,COMP,2023-08-04,41,1.0,63.2,15,False,True,0.0619,0.0673,0.61,0.81,0.38,UP,1.0,28.0,25.4,0.0,15.1,-0.5,0.0,7.5,-2.2,0.0,False,,,,,False,f151eea734,8c81f7d99d
DXPE,2.0,2022-05-20,2022,DIVUP,2020-11-13,80,0.5,52.1,79,False,False,0.0896,0.1172,0.53,0.84,0.17,NONE,,1.3,-7.5,-0.2,-5.2,-7.7,-16.1,12.4,3.2,-16.1,False,2.0,8.6,False,False,False,33cd292954,8a46fe16b7
TIGO,1.5,2023-10-13,2023,CTRL,2023-01-06,41,0.26,41.9,40,False,True,0.0744,0.0716,0.12,0.66,-0.53,UP,24.0,23.6,12.7,-1.4,32.0,12.8,-1.4,76.3,40.1,-1.4,False,10.0,18.3,False,False,False,ec0a8e8665,af9e81e9da
HALO,1.5,2024-04-19,2024,DIVUP,2023-03-03,60,0.5,50.1,50,False,True,0.0766,0.0565,0.16,1.0,0.48,UP,7.0,39.9,28.6,-0.2,36.2,17.3,-0.2,52.1,44.5,-0.2,False,3.0,11.7,True,False,False,aa13fac577,53849ee418
VNET,3.0,2016-03-04,2016,DIVUP,2013-06-07,144,0.44,54.6,143,False,False,0.0982,0.0586,0.27,1.38,-0.11,DOWN,17.0,-32.2,-37.7,-32.4,-53.7,-63.7,-56.1,-64.9,-86.4,-66.1,False,,,True,False,False,b2edc77926,c85d670036
BBL,1.5,2013-06-28,2013,CTRL,2011-08-05,100,0.0,30.1,0,True,True,0.0539,0.0426,0.4,0.85,-0.59,DOWN,1.0,18.9,13.1,-1.9,22.7,6.9,-1.9,32.6,8.1,-1.9,False,34.0,30.0,False,False,False,4e25c04250,e8a23d396f
MOMO,2.0,2017-11-10,2017,CTRL,2017-01-27,42,0.26,36.5,41,False,True,0.0995,0.1281,0.48,0.86,-1.46,DOWN,3.0,-2.5,-4.3,-20.4,33.1,26.4,-20.4,15.2,5.6,-20.4,False,18.0,31.2,True,False,False,64ad221b74,23fba82c37
LTBR,3.0,2022-07-29,2022,E1,2021-10-08,43,0.26,55.0,4,False,False,0.1747,0.1279,0.31,0.48,-0.53,DOWN,8.0,-26.7,-21.5,-38.5,-39.7,-39.1,-45.0,-12.6,-25.3,-52.9,False,,,False,False,False,933194bdad,ea08b9e047
WGO,1.5,2023-02-03,2023,COMP,2022-06-24,33,1.0,62.6,31,False,True,0.054,0.0624,1.31,1.02,0.03,UP,23.0,-13.1,-13.5,-19.9,-0.7,-9.9,-19.9,0.5,-21.2,-19.9,False,,,,,False,24fba22270,baabb56828
