ticker,R,start,end,break_date,year,base_len,dir,confirmed,delisted,break_close,base_hi,base_lo,range_ratio,drift,pos_in_band,rsi_end,vol_contraction,prior_dd,above_ma200,phaseB_weeks,break_bar_pct,mad_med,cv,mid_share,pre_vol,spring,b_idx,mad_tail8,mad_tail13,contr8,vol_dry8,rel_tight,zero_wk_share,pos_L8,ma_L8,slope_L8,rsi_L8,hl_L8,wk_since_low_L8,pos_L13,ma_L13,slope_L13,rsi_L13,hl_L13,wk_since_low_L13,ret13,trunc13,exc13_SPY,exc13_SMH,exc13_QQQ,mae13,ret26,trunc26,exc26_SPY,exc26_SMH,exc26_QQQ,mae26,ret52,trunc52,exc52_SPY,exc52_SMH,exc52_QQQ,mae52,gallery_set,asof,close,pos_now,ma_now,slope_now,rsi_now,hl_now,wk_since_low_now
ERIC,1.5,2011-07-22,2013-02-08,2013-02-15,2013.0,82,UP,True,False,8.35,8.16,5.52,1.48,0.02,0.96,74.1,0.7,-0.41,True,37.0,3.6,0.0438,0.0865,0.402,0.0439,False,215.0,0.0315,0.0497,0.72,1.29,1.0,0.0,0.4,False,-0.019,58.8,1.0,28.0,0.13,True,0.037,45.6,1.0,23.0,-1.0,False,-11.3,-10.3,-10.9,-3.4,1.7,False,-8.4,-3.8,-10.3,-7.6,4.8,False,-18.7,-18.9,-29.4,-7.6,tight_up,,,,,,,,
DCO,1.5,2009-03-13,2010-03-12,2010-03-19,2010.0,53,UP,True,False,20.53,19.94,13.3,1.5,0.33,0.99,62.2,0.52,,,52.0,3.4,0.0466,0.076,0.623,,False,63.0,0.0284,0.024,0.61,0.98,,0.02,0.67,True,0.003,49.7,1.0,43.0,0.63,True,0.053,48.8,1.0,38.0,-11.2,False,-8.0,-15.7,-10.4,-11.6,6.4,False,8.4,7.5,4.9,-20.5,8.8,False,-3.6,-16.1,-6.8,-20.5,tight_up,,,,,,,,
AIT,1.5,2020-04-24,2020-11-13,2020-11-20,2020.0,30,UP,True,False,72.5,67.33,44.91,1.5,0.39,1.0,64.6,0.74,-0.39,True,30.0,7.7,0.0492,0.0881,0.733,0.0742,True,620.0,0.0572,0.0265,1.16,0.98,0.66,0.0,0.42,True,0.163,45.8,0.0,21.0,0.81,True,0.238,55.1,0.0,16.0,9.4,False,-0.9,-18.5,-4.8,-8.2,27.4,False,9.7,7.5,14.4,-8.2,40.4,False,6.5,-16.8,0.5,-8.2,tight_up,,,,,,,,
CRESY,1.5,2025-02-07,2025-11-21,2025-11-28,2025.0,42,UP,True,False,11.93,11.46,7.88,1.45,-0.3,0.73,55.1,1.65,-0.38,True,11.0,13.8,0.0456,0.0835,0.667,0.0615,False,882.0,0.0937,0.0564,2.05,0.95,0.74,0.0,0.18,False,-0.085,39.8,0.0,2.0,0.3,False,-0.02,50.1,0.0,6.0,-4.6,False,-5.3,-20.3,-2.8,-4.6,-0.2,False,-11.5,-70.7,-19.7,-10.9,,,,,,,tight_up,,,,,,,,
STBA,1.5,2023-11-17,2024-07-19,2024-07-26,2024.0,36,UP,True,False,42.28,38.2,25.65,1.49,0.26,1.0,73.5,1.41,-0.24,True,35.0,10.7,0.0322,0.0711,0.611,0.0414,False,812.0,0.0351,0.0304,1.09,0.92,0.78,0.0,0.8,False,-0.019,58.8,0.0,26.0,0.38,True,0.047,49.6,0.0,21.0,-16.3,False,-23.0,-21.6,-23.5,-16.3,-16.7,False,-29.1,-26.1,-31.5,-21.1,-14.6,False,-33.1,-34.7,-37.6,-26.1,tight_up,,,,,,,,
EFOR,1.5,2015-12-11,2017-01-13,2017-01-20,2017.0,58,UP,True,False,45.72,45.56,30.48,1.49,0.23,0.96,62.9,0.92,-0.36,True,49.0,1.8,0.0327,0.0917,0.724,0.0448,False,420.0,0.0192,0.046,0.59,1.07,0.73,0.0,0.77,False,-0.003,62.1,0.0,40.0,0.38,True,0.01,45.7,0.0,35.0,5.3,False,1.4,-1.2,-2.4,-2.9,19.4,False,9.5,0.9,1.9,-2.9,49.6,False,23.5,2.8,13.4,-2.9,tight_up,,,,,,,,
TPL,1.5,2016-10-07,2017-08-18,2017-08-25,2017.0,46,UP,True,False,36.84,35.58,24.14,1.47,0.35,1.0,74.4,0.71,0.05,True,42.0,3.5,0.0389,0.0816,0.826,0.0523,False,451.0,0.1016,0.0504,2.61,1.94,0.74,0.04,0.58,False,-0.042,54.1,0.0,33.0,0.49,False,-0.067,52.1,0.0,28.0,7.6,False,0.6,-15.1,-2.7,0.0,37.8,False,24.4,13.5,18.9,0.0,123.9,False,104.1,98.0,94.3,0.0,tight_up,,,,,,,,
CATY,1.5,2015-01-23,2016-11-11,2016-11-18,2016.0,95,UP,True,False,26.03,25.21,16.83,1.5,0.25,1.0,66.8,1.79,-0.13,True,94.0,3.2,0.0495,0.0767,0.8,0.028,False,411.0,0.0181,0.0116,0.37,0.67,1.77,0.03,0.7,True,0.022,53.6,1.0,85.0,0.68,True,0.031,55.1,1.0,80.0,11.4,False,3.1,0.9,0.4,0.0,3.7,False,-6.5,-16.4,-14.4,0.0,18.5,False,-1.9,-29.4,-14.0,-0.1,tight_up,,,,,,,,
TRMB,1.5,2024-09-13,2025-07-18,2025-07-25,2025.0,45,UP,True,False,85.24,82.04,56.5,1.45,0.35,1.0,69.8,0.5,-0.12,True,45.0,3.9,0.0461,0.0928,0.667,0.0421,False,864.0,0.0373,0.0514,0.81,1.04,1.1,0.04,0.67,False,-0.101,55.8,0.0,36.0,0.08,False,-0.028,35.4,0.0,31.0,-4.5,False,-11.1,-26.6,-13.6,-11.3,-16.5,False,-25.3,-56.1,-26.7,-16.5,-37.9,False,-55.2,-133.7,-59.3,-42.3,tight_up,,,,,,,,
WLY,1.5,2016-02-19,2017-12-01,2017-12-08,2017.0,94,UP,True,False,48.16,44.78,31.13,1.44,0.39,1.0,70.6,0.66,-0.32,True,94.0,7.5,0.0374,0.0652,0.745,0.0315,True,466.0,0.0117,0.0331,0.31,1.41,1.19,0.05,0.73,True,0.035,49.5,1.0,85.0,0.82,True,0.026,56.0,0.0,80.0,3.0,False,-2.5,-12.8,-9.1,-0.8,9.1,False,3.4,-4.7,-4.1,-0.8,-17.2,False,-18.3,-9.9,-22.3,-17.2,tight_up,,,,,,,,
YOU,1.5,2024-11-08,2025-08-08,2025-08-15,2025.0,40,UP,True,False,32.84,31.36,21.86,1.43,0.27,1.0,65.3,0.75,-0.39,True,26.0,4.7,0.046,0.0794,0.625,0.0684,False,215.0,0.0365,0.0898,0.79,0.93,0.67,0.0,0.41,True,0.018,47.2,0.0,17.0,0.33,False,-0.029,45.0,0.0,12.0,9.7,False,5.0,-7.0,4.1,-11.4,-2.4,False,-9.0,-40.7,-6.9,-11.4,37.9,False,15.9,-61.5,10.7,-11.4,tight_up,,,,,,,,
WSBC,1.5,2014-02-14,2016-11-11,2016-11-18,2016.0,144,UP,True,False,26.58,25.74,17.24,1.49,0.25,1.0,78.5,1.83,-0.14,True,144.0,3.3,0.0463,0.0634,0.778,0.0264,False,411.0,0.0044,0.0083,0.1,1.12,1.75,0.03,0.8,True,0.017,60.7,1.0,135.0,0.63,True,0.051,52.6,1.0,130.0,4.5,False,-3.7,-6.0,-6.4,0.0,-3.6,False,-13.8,-23.6,-21.7,-8.2,4.1,False,-16.3,-43.9,-28.4,-8.2,tight_up,,,,,,,,
ROST,1.5,2020-03-27,2020-11-27,2020-12-04,2020.0,36,UP,True,False,108.33,102.97,70.27,1.47,0.4,1.0,60.7,0.62,-0.39,True,35.0,5.2,0.0409,0.0783,0.833,0.0552,False,622.0,0.0765,0.0346,1.87,0.88,0.74,0.0,0.77,False,-0.009,52.9,0.0,26.0,0.69,True,0.031,50.7,0.0,21.0,-1.8,False,-6.0,-6.8,-3.0,-3.4,3.9,False,-11.2,-11.5,-6.3,-3.4,-3.7,False,-28.0,-41.9,-29.8,-5.7,tight_up,,,,,,,,
CVI,1.5,2024-10-25,2025-05-09,2025-05-16,2025.0,29,UP,True,False,23.46,23.24,15.63,1.49,0.0,0.69,54.4,0.79,-0.56,False,28.0,12.3,0.024,0.0801,0.862,0.0458,False,854.0,0.0664,0.0485,2.77,0.99,0.52,0.0,0.42,False,-0.093,45.3,0.0,19.0,0.3,False,-0.174,39.1,0.0,14.0,12.9,False,4.3,-7.1,2.1,-2.4,54.8,False,41.1,14.8,37.8,-2.4,44.0,False,18.2,-82.5,7.4,-13.6,tight_up,,,,,,,,
ZTO,1.5,2023-11-17,2024-05-10,2024-05-17,2024.0,26,UP,True,False,22.99,20.45,14.59,1.4,0.07,0.84,51.8,,-0.5,False,15.0,17.9,0.049,0.0871,0.423,0.0399,False,394.0,0.0224,0.0364,0.46,1.3,1.23,0.04,0.89,False,-0.178,53.2,0.0,6.0,,,,,,,-20.0,False,-25.0,-27.1,-25.3,-25.5,-12.9,False,-24.3,-17.1,-23.2,-25.5,-21.3,False,-35.0,-28.8,-37.4,-25.9,tight_up,,,,,,,,
SILC,1.5,2016-07-01,2017-03-17,2017-03-24,2017.0,38,UP,True,False,47.15,41.93,28.4,1.48,0.31,0.71,53.0,0.68,-0.36,True,38.0,24.1,0.0337,0.084,0.447,0.0669,False,429.0,0.0121,0.0247,0.36,0.74,0.5,0.0,0.78,False,-0.011,55.1,0.0,29.0,0.8,True,0.11,57.6,0.0,24.0,2.8,False,-1.7,-5.5,-5.6,-4.0,22.6,False,14.9,6.8,11.5,-5.9,-22.7,False,-35.1,-56.1,-45.1,-23.0,tight_up,,,,,,,,
WAL,1.5,2023-11-17,2024-07-12,2024-07-19,2024.0,35,UP,True,False,73.48,64.47,46.42,1.39,0.27,1.0,62.2,0.56,-0.58,False,34.0,14.0,0.0402,0.0704,0.571,0.1169,False,811.0,0.032,0.0341,0.8,0.74,0.34,0.0,0.91,False,-0.011,60.1,1.0,25.0,0.44,True,0.129,49.3,0.0,20.0,12.0,False,5.2,10.7,7.8,-4.9,18.0,False,8.5,13.5,7.9,-4.9,7.8,False,-7.9,-9.7,-10.9,-18.0,tight_up,,,,,,,,
NBR,1.5,2013-05-03,2014-02-21,2014-02-28,2014.0,43,UP,True,False,969.91,926.94,620.42,1.49,0.34,1.0,77.5,1.32,-0.46,True,33.0,4.6,0.0422,0.0724,0.419,0.0567,False,269.0,0.0102,0.0205,0.24,1.16,0.74,0.02,0.67,True,0.081,53.0,0.0,24.0,0.78,True,0.083,54.7,0.0,19.0,14.1,False,10.3,8.0,12.8,-4.3,18.6,False,9.9,0.2,7.6,-4.3,-43.8,False,-59.1,-75.8,-65.1,-56.1,tight_up,,,,,,,,
WASH,1.5,2018-06-29,2020-03-13,2020-03-20,2020.0,90,DOWN,True,False,21.37,38.12,25.48,1.5,-0.29,0.0,23.6,1.9,-0.34,False,82.0,-16.1,0.0428,0.0702,0.756,0.0267,False,585.0,0.0439,0.0674,1.03,1.22,1.6,0.01,0.61,True,0.104,56.1,0.0,43.0,0.61,True,0.04,59.5,1.0,38.0,3.0,False,-32.4,-46.2,-40.3,23.3,7.7,False,-38.0,-58.8,-49.2,23.3,78.4,False,5.5,-54.4,-6.3,80.8,tight_down,,,,,,,,
FBK,1.5,2018-09-21,2020-03-06,2020-03-13,2020.0,77,DOWN,True,False,20.93,39.46,26.37,1.5,0.09,0.0,22.9,0.91,-0.34,False,77.0,-20.6,0.043,0.0625,0.935,0.0283,False,182.0,0.0297,0.0407,0.69,1.99,1.52,0.01,0.64,True,0.054,55.4,2.0,42.0,0.71,True,0.049,61.8,2.0,37.0,3.9,False,-9.7,-18.6,-19.0,18.8,16.1,False,-9.2,-23.2,-25.0,28.8,116.0,False,66.9,20.8,50.8,116.0,tight_down,,,,,,,,
SEG,1.5,2024-08-02,2025-03-07,2025-03-14,2025.0,32,DOWN,True,False,20.67,33.85,22.7,1.49,-0.3,0.0,45.4,0.24,,,15.0,-8.9,0.0465,0.0892,0.781,,False,32.0,0.0239,0.0302,0.51,0.9,,0.0,0.26,,,56.9,0.0,21.0,0.57,,,64.1,0.0,16.0,-5.4,False,-11.8,-18.8,-15.4,0.7,25.8,False,8.3,-8.5,3.2,29.9,3.0,False,-16.1,-68.5,-21.5,29.9,tight_down,,,,,,,,
AGIO,1.5,2022-08-05,2023-03-03,2023-03-10,2023.0,31,DOWN,True,False,21.97,34.14,24.44,1.4,-0.14,0.0,41.9,0.48,-0.6,False,26.0,-10.1,0.0453,0.0713,0.774,0.072,False,502.0,0.058,0.0408,1.28,0.99,0.63,0.0,0.44,True,0.037,52.4,0.0,20.0,0.69,True,0.194,57.1,0.0,15.0,17.8,False,5.9,-5.8,-5.3,18.8,18.8,False,2.5,-7.7,-10.7,28.9,42.4,False,7.8,-48.0,-10.8,50.2,tight_down,,,,,,,,
ONL,1.5,2022-09-16,2023-03-10,2023-03-17,2023.0,26,DOWN,True,False,4.6,7.77,5.36,1.45,-0.29,0.0,24.8,,-0.72,,26.0,-14.2,0.0308,0.0656,0.538,0.0494,False,71.0,0.0326,0.0337,1.06,1.03,0.62,0.0,0.28,False,-0.079,34.9,0.0,1.0,,,,,,,16.5,False,3.4,-6.1,-4.2,17.4,-3.1,False,-17.6,-20.4,-24.9,22.7,-35.8,False,-68.4,-110.9,-78.9,22.7,tight_down,,,,,,,,
GAP,1.5,2019-05-17,2020-02-28,2020-03-06,2020.0,42,DOWN,True,False,10.7,17.34,11.63,1.49,-0.21,0.0,35.1,1.15,-0.55,False,42.0,-8.0,0.0359,0.0708,0.833,0.0512,False,583.0,0.0206,0.0224,0.57,0.81,0.7,0.02,0.31,False,-0.012,47.7,1.0,18.0,0.17,False,-0.027,42.6,1.0,13.0,-6.7,False,-14.7,-22.5,-22.1,0.0,32.8,False,16.5,2.9,-4.0,33.0,107.1,False,75.7,32.4,57.6,107.1,tight_down,,,,,,,,
ECVT,1.5,2017-09-29,2020-02-28,2020-03-06,2020.0,127,DOWN,True,False,8.22,13.09,9.32,1.4,-0.09,0.03,34.4,1.58,,False,87.0,-12.8,0.0473,0.0746,0.677,,False,127.0,0.0306,0.0418,0.65,0.68,,0.02,0.67,True,0.065,57.0,4.0,96.0,0.52,True,0.037,51.7,3.0,91.0,24.1,False,16.1,8.3,8.6,24.1,1.9,False,-14.5,-28.1,-35.0,24.1,70.7,False,39.3,-4.0,21.3,70.7,tight_down,,,,,,,,
AVAV,1.5,2010-12-10,2012-04-27,2012-05-04,2012.0,73,DOWN,True,False,23.36,36.24,24.4,1.49,-0.06,0.0,34.9,0.88,-0.39,False,43.0,-4.3,0.0462,0.0852,0.712,0.0617,True,174.0,0.0315,0.038,0.68,1.0,0.75,0.01,0.25,False,-0.015,43.4,2.0,28.0,0.3,True,0.068,44.5,2.0,23.0,-2.0,False,-4.3,-1.3,-3.6,12.6,-6.0,False,-10.4,-1.3,-7.2,12.6,-14.9,False,-35.3,-32.3,-27.8,12.6,tight_down,,,,,,,,
PCG,1.5,2022-10-21,2025-06-06,2025-06-13,2025.0,138,DOWN,True,False,13.47,21.31,14.25,1.5,0.37,0.17,37.3,1.36,-0.03,True,28.0,-12.8,0.0494,0.0856,0.652,0.0505,False,858.0,0.0088,0.0103,0.18,0.87,0.98,0.03,0.35,False,-0.192,44.9,2.0,129.0,0.21,False,-0.148,35.2,2.0,124.0,13.5,False,3.0,-4.9,2.0,13.5,11.5,False,-3.3,-26.3,-5.2,21.5,25.4,False,-0.2,-116.5,-12.1,40.2,tight_down,,,,,,,,
HEI,1.5,2019-04-05,2020-03-06,2020-03-13,2020.0,49,DOWN,True,False,83.72,143.54,97.82,1.47,0.17,0.14,33.8,1.07,0.04,True,28.0,-19.8,0.046,0.1002,0.571,0.0361,False,584.0,0.043,0.0389,0.93,1.0,1.27,0.08,0.47,False,-0.087,46.6,0.0,40.0,0.63,False,-0.091,54.3,0.0,35.0,29.9,False,16.2,7.4,7.0,35.6,29.4,False,4.1,-10.0,-11.8,35.6,55.2,False,6.2,-39.9,-10.0,64.5,tight_down,,,,,,,,
UVE,1.5,2022-01-21,2022-09-16,2022-09-23,2022.0,35,DOWN,True,False,9.16,14.83,10.13,1.46,-0.36,0.07,42.3,0.48,-0.5,False,35.0,-12.4,0.0276,0.097,0.143,0.0462,False,716.0,0.023,0.0253,0.83,0.7,0.6,0.0,0.0,False,-0.049,37.9,0.0,0.0,0.14,False,-0.152,44.6,0.0,16.0,7.4,False,2.9,0.5,10.2,9.9,80.6,False,72.1,46.7,67.3,90.0,35.3,False,16.4,-14.0,4.5,95.8,tight_down,,,,,,,,
WB,1.5,2021-01-22,2021-11-26,2021-12-03,2021.0,45,DOWN,True,False,22.99,44.16,29.98,1.47,-0.25,0.04,41.0,0.84,-0.42,False,42.0,-24.8,0.0492,0.0939,0.689,0.0731,False,398.0,0.0581,0.0721,1.18,0.76,0.67,0.0,0.17,True,0.072,41.9,0.0,36.0,0.3,True,0.06,45.2,0.0,31.0,-19.9,False,-15.5,-5.1,-8.0,6.4,-30.2,False,-21.4,-10.9,-10.4,6.4,-49.0,False,-40.1,-23.7,-25.8,6.4,tight_down,,,,,,,,
TKR,1.5,2013-01-04,2015-07-17,2015-07-24,2015.0,133,DOWN,True,False,25.17,38.22,26.28,1.45,0.23,0.07,27.6,0.74,-0.14,False,55.0,-7.1,0.0463,0.0771,0.737,0.0547,True,342.0,0.0392,0.0338,0.85,0.61,0.85,0.08,0.48,False,-0.011,47.7,2.0,124.0,0.45,False,-0.019,44.6,2.0,119.0,-6.0,False,-6.3,-15.6,-7.8,4.7,-22.7,False,-15.3,-19.8,-16.6,4.7,0.7,False,-6.1,-23.0,-2.8,17.7,tight_down,,,,,,,,
HOG,1.5,2018-12-07,2020-03-06,2020-03-13,2020.0,66,DOWN,True,False,21.08,34.76,23.28,1.49,-0.0,0.0,27.9,1.05,-0.53,False,47.0,-9.4,0.0316,0.0666,0.818,0.0424,True,584.0,0.0321,0.0375,1.02,0.81,0.75,0.02,0.5,True,0.104,45.4,2.0,20.0,0.68,True,0.086,52.9,1.0,15.0,5.8,False,-7.8,-16.7,-17.1,7.3,17.2,False,-8.1,-22.2,-23.9,22.7,64.2,False,15.2,-30.9,-1.0,74.7,tight_down,,,,,,,,
SHOP,1.5,2021-05-21,2022-01-07,2022-01-14,2022.0,34,DOWN,True,False,110.29,169.06,114.45,1.48,0.12,0.0,38.0,1.04,-0.21,True,8.0,-3.6,0.0393,0.0861,0.706,0.0755,False,347.0,0.0521,0.043,1.33,1.12,0.52,0.03,1.0,True,0.042,65.5,0.0,23.0,0.39,True,0.169,49.8,0.0,18.0,-47.5,False,-42.0,-25.1,-36.6,0.0,-71.6,False,-55.1,-41.6,-48.7,0.0,-64.7,False,-51.9,-39.1,-39.2,0.0,tight_down,,,,,,,,
VC,1.5,2010-10-01,2011-08-12,2011-08-19,2011.0,46,DOWN,True,False,25.36,43.05,29.13,1.48,-0.14,0.0,29.5,1.4,,,32.0,-12.9,0.047,0.0819,0.717,,False,46.0,0.0373,0.0553,0.79,1.64,,0.04,0.38,False,-0.116,47.3,0.0,36.0,0.3,False,-0.04,40.7,0.0,31.0,22.2,False,13.4,-4.2,11.3,30.4,24.6,False,2.1,-22.3,-2.8,30.4,-8.6,False,-37.5,-51.6,-46.4,30.4,tight_down,,,,,,,,
CLBT,1.5,2020-11-06,2021-12-31,2022-01-07,2022.0,61,DOWN,True,False,6.84,11.22,8.02,1.4,-0.31,0.0,37.2,2.78,,,16.0,-14.7,0.0211,0.0703,0.656,,False,61.0,0.0489,0.1253,2.32,0.68,,0.08,0.61,True,0.045,52.0,1.0,5.0,0.0,True,0.02,41.0,1.0,0.0,-13.7,False,-10.1,3.1,-5.8,9.5,-13.0,False,3.0,16.7,9.0,9.5,-34.9,False,-19.6,-7.0,-6.2,9.5,tight_down,,,,,,,,
MMSI,1.5,2011-07-29,2013-04-19,2013-04-26,2013.0,91,DOWN,True,False,9.76,15.67,11.21,1.4,-0.07,0.0,30.3,0.68,-0.41,False,91.0,-12.9,0.0432,0.064,0.813,0.0388,False,225.0,0.0157,0.0309,0.36,1.02,1.11,0.03,0.03,False,-0.043,31.3,1.0,45.0,0.63,False,-0.05,54.3,1.0,40.0,33.7,False,26.3,28.6,25.0,33.7,69.3,False,56.9,57.8,49.4,69.3,28.5,False,8.4,4.1,2.6,69.3,tight_down,,,,,,,,
RLGT,1.5,2018-08-03,2019-02-22,2019-03-01,2019.0,30,UP,True,False,6.39,5.98,4.11,1.45,0.38,0.99,63.0,1.39,-0.34,True,30.0,7.2,0.1053,0.1245,0.467,0.0506,False,529.0,0.0641,0.0931,0.61,1.09,2.08,0.03,0.04,True,0.159,40.0,0.0,21.0,0.83,True,0.304,62.8,0.0,16.0,-0.5,False,0.9,5.3,-0.4,-11.9,-23.6,False,-28.9,-33.4,-31.6,-31.0,-31.1,False,-38.8,-59.6,-50.1,-31.1,loose_up,,,,,,,,
STM,1.5,2015-07-03,2016-09-16,2016-09-23,2016.0,64,UP,True,False,7.3,6.99,4.72,1.48,-0.3,1.0,67.6,1.76,-0.44,True,19.0,4.6,0.1149,0.1176,0.422,0.0424,False,403.0,0.0187,0.0437,0.16,2.29,2.71,0.03,0.44,True,0.024,56.4,2.0,10.0,0.18,False,-0.036,46.0,1.0,5.0,41.5,False,36.4,31.4,39.6,-0.1,99.9,False,90.5,80.8,88.9,-0.1,148.6,False,130.7,110.8,125.4,-0.1,loose_up,,,,,,,,
SGI,1.5,2012-07-06,2013-01-18,2013-01-25,2013.0,29,UP,True,False,9.62,8.33,5.71,1.46,0.2,0.97,53.7,1.1,-0.72,False,29.0,16.6,0.1035,0.1101,0.483,0.0958,False,212.0,0.1178,0.0938,1.14,1.09,1.08,0.0,0.15,True,0.037,37.1,0.0,20.0,0.85,False,-0.138,42.7,0.0,15.0,19.6,False,13.8,13.7,15.5,-9.2,-9.2,False,-22.8,-20.4,-22.3,-9.2,17.0,False,-4.5,-6.4,-14.0,-9.3,loose_up,,,,,,,,
TRP,1.5,2015-05-01,2016-06-17,2016-06-24,2016.0,60,UP,True,False,24.46,24.26,16.19,1.5,0.07,0.98,71.6,0.76,-0.44,True,23.0,1.7,0.1028,0.1114,0.5,0.0322,False,390.0,0.0292,0.0376,0.28,1.07,3.19,0.0,0.76,True,0.169,68.0,0.0,14.0,0.56,True,0.061,60.0,0.0,9.0,10.8,False,3.9,-10.8,-3.0,0.0,7.3,False,-5.0,-26.5,-8.6,0.0,13.1,False,-8.9,-43.5,-23.7,0.0,loose_up,,,,,,,,
RRC,1.5,2021-09-03,2022-02-25,2022-03-04,2022.0,26,UP,True,False,25.41,23.65,16.54,1.43,-0.1,0.83,60.9,,0.02,True,26.0,13.1,0.1049,0.1112,0.346,0.1116,False,687.0,0.0578,0.0565,0.55,1.11,0.94,0.0,0.08,True,0.278,47.6,0.0,17.0,,,,,,,31.6,False,36.4,37.0,40.8,0.0,21.5,False,30.1,40.1,33.7,-4.2,6.0,False,11.0,9.0,16.5,-11.1,loose_up,,,,,,,,
KURA,1.5,2025-02-14,2025-09-19,2025-09-26,2025.0,32,UP,True,False,9.05,8.28,5.54,1.49,0.01,0.99,57.2,1.3,-0.76,False,7.0,9.7,0.1072,0.1399,0.344,0.0745,True,521.0,0.0566,0.1289,0.53,1.49,1.44,0.0,0.22,False,-0.163,39.6,1.0,9.0,0.08,False,-0.229,34.9,0.0,4.0,17.5,False,12.8,3.4,12.6,0.0,-14.5,False,-10.8,-31.1,-9.1,-14.5,,,,,,,loose_up,,,,,,,,
VNDA,1.5,2015-10-09,2016-07-29,2016-08-05,2016.0,43,UP,True,False,12.39,11.47,7.67,1.5,0.29,0.98,65.6,0.8,-0.59,True,19.0,8.7,0.1036,0.1266,0.372,0.077,False,396.0,0.0156,0.0368,0.15,1.09,1.35,0.0,0.97,True,0.033,64.0,0.0,10.0,0.37,False,-0.098,48.8,0.0,5.0,15.0,False,18.9,11.3,17.4,-1.6,10.2,False,3.9,-8.6,2.0,-1.6,29.1,False,13.4,-5.4,4.9,-1.6,loose_up,,,,,,,,
WEAV,1.5,2024-03-08,2024-09-13,2024-09-20,2024.0,28,UP,True,False,12.5,12.08,8.32,1.45,-0.23,0.6,53.2,0.55,-0.38,True,20.0,18.0,0.1187,0.1141,0.321,0.0935,False,149.0,0.0264,0.0541,0.22,1.09,1.27,0.0,0.4,False,-0.237,50.0,0.0,11.0,0.18,False,-0.155,42.9,0.0,6.0,29.0,False,24.6,26.9,21.3,-0.3,-6.4,False,-6.3,-1.3,-6.4,-10.4,-39.1,False,-57.3,-72.4,-64.1,-45.4,loose_up,,,,,,,,
BOOM,1.5,2018-04-27,2019-03-29,2019-04-05,2019.0,49,UP,True,False,61.32,49.09,33.76,1.45,-0.2,1.0,66.5,1.2,0.16,True,15.0,24.9,0.1029,0.1131,0.469,0.0674,False,535.0,0.0483,0.0743,0.47,1.2,1.53,0.0,0.06,False,-0.092,45.9,0.0,6.0,0.06,False,-0.138,45.9,0.0,1.0,-3.0,False,-6.9,-1.4,-6.7,-3.0,-37.7,False,-40.7,-44.6,-40.4,-37.7,-60.6,False,-48.4,-61.7,-60.8,-63.7,loose_up,,,,,,,,
MBC,1.5,2022-12-09,2023-06-09,2023-06-16,2023.0,27,UP,True,False,11.11,10.86,7.26,1.5,0.31,0.96,50.5,1.28,,,12.0,3.8,0.1086,0.1311,0.333,,False,27.0,0.0345,0.0743,0.32,0.76,,0.04,0.12,,,25.3,0.0,3.0,0.6,,,23.2,0.0,10.0,8.3,False,7.0,12.6,7.4,-0.5,32.0,False,24.4,18.5,21.6,-3.7,40.5,False,15.7,-35.2,9.4,-3.7,loose_up,,,,,,,,
REGN,1.5,2009-06-05,2009-12-25,2010-01-01,2010.0,30,UP,True,False,23.95,22.98,15.55,1.48,0.16,1.0,63.9,1.28,-0.21,,9.0,4.2,0.1173,0.1153,0.5,0.0948,False,52.0,0.0328,0.0258,0.28,1.06,1.24,0.07,0.0,True,0.187,35.0,0.0,0.0,0.66,True,0.367,51.4,0.0,11.0,9.9,False,3.8,9.0,4.5,-1.7,-10.6,False,-3.2,-4.4,-3.7,-10.6,35.8,False,20.7,14.7,15.9,-10.6,loose_up,,,,,,,,
KYMR,1.5,2024-01-26,2024-08-16,2024-08-23,2024.0,30,UP,True,False,47.78,44.54,29.85,1.49,0.1,0.95,64.1,1.71,-0.31,True,8.0,9.1,0.1135,0.1219,0.4,0.0956,False,209.0,0.0304,0.1233,0.27,1.17,1.19,0.03,0.08,False,-0.009,47.4,0.0,21.0,0.31,True,0.375,54.0,0.0,16.0,-5.9,False,-12.1,-4.3,-11.4,-12.2,-23.0,False,-30.4,-24.0,-32.9,-23.0,-7.7,False,-23.9,-26.4,-27.5,-53.8,loose_up,,,,,,,,
AMX,1.5,2015-09-04,2017-07-07,2017-07-14,2017.0,97,UP,True,False,13.35,12.8,8.55,1.5,-0.09,0.99,69.3,0.53,-0.53,False,43.0,4.5,0.1045,0.125,0.412,0.0353,False,445.0,0.0125,0.0259,0.12,0.72,2.96,0.01,0.83,True,0.14,70.9,2.0,34.0,0.63,True,0.093,64.4,3.0,29.0,6.4,False,2.0,-5.6,1.8,0.0,3.0,False,-11.3,-16.5,-13.2,0.0,5.8,False,-10.2,-16.9,-21.6,-8.8,loose_up,,,,,,,,
HPQ,1.5,2012-08-24,2013-02-15,2013-02-22,2013.0,26,UP,True,False,5.63,5.28,3.61,1.46,-0.08,0.79,52.9,,-0.74,False,13.0,14.4,0.1058,0.1104,0.385,0.0474,True,216.0,0.025,0.0964,0.24,0.86,2.23,0.0,0.36,False,-0.233,38.8,0.0,4.0,,,,,,,26.9,False,17.6,18.9,17.3,0.0,18.1,False,7.3,11.0,3.3,0.0,58.9,False,35.4,33.8,23.4,0.0,loose_up,,,,,,,,
Z,1.5,2023-11-24,2024-09-06,2024-09-13,2024.0,42,UP,True,False,59.74,58.79,39.67,1.48,-0.19,0.71,56.0,1.09,-0.38,False,16.0,12.0,0.1058,0.1155,0.429,0.0633,False,475.0,0.0465,0.0605,0.44,1.11,1.67,0.0,0.55,False,-0.161,55.1,0.0,7.0,0.15,False,-0.209,43.8,0.0,2.0,33.8,False,26.0,28.5,22.0,-0.2,18.1,False,17.4,22.1,16.9,-0.2,46.9,False,28.5,17.9,22.8,-0.2,loose_up,,,,,,,,
QTWO,1.5,2018-02-16,2019-02-08,2019-02-15,2019.0,52,UP,True,False,66.79,65.8,44.22,1.49,0.22,0.87,63.2,1.46,0.03,True,8.0,6.2,0.1048,0.1138,0.423,0.0321,False,256.0,0.1041,0.0548,0.99,0.99,3.26,0.0,0.18,False,-0.14,40.6,0.0,37.0,0.35,False,-0.034,43.7,1.0,32.0,8.1,False,4.6,5.3,1.4,-0.2,38.4,False,33.3,29.0,30.1,-0.2,31.7,False,7.7,-17.4,-5.9,-0.2,loose_up,,,,,,,,
WCC,1.5,2015-08-21,2016-04-15,2016-04-22,2016.0,35,UP,True,False,55.67,53.61,35.82,1.5,-0.16,1.0,61.7,0.77,-0.6,False,13.0,3.8,0.1052,0.1095,0.543,0.0363,False,381.0,0.0284,0.1247,0.27,1.08,2.9,0.0,0.32,False,-0.159,41.1,0.0,4.0,0.0,False,-0.159,27.5,0.0,0.0,-7.1,False,-11.6,-21.4,-11.6,-8.5,2.3,False,-1.2,-23.0,-6.7,-8.5,13.1,False,-1.4,-33.0,-9.7,-8.5,loose_up,,,,,,,,
ENTA,1.5,2016-01-08,2016-12-02,2016-12-09,2016.0,48,UP,True,False,33.03,32.69,22.0,1.49,-0.26,0.89,63.7,0.98,-0.57,False,18.0,4.7,0.107,0.1213,0.458,0.0927,True,194.0,0.1151,0.0725,1.08,0.78,1.15,0.04,0.39,False,-0.074,52.6,0.0,9.0,0.0,False,-0.179,39.2,0.0,4.0,-11.2,False,-16.8,-20.8,-21.5,-16.1,-10.0,False,-18.5,-30.5,-27.7,-16.1,46.5,False,26.9,8.7,15.8,-16.1,loose_up,,,,,,,,
MTSI,1.5,2025-04-25,2025-10-31,2025-11-07,2025.0,28,UP,True,False,170.03,148.13,106.28,1.39,0.37,1.0,64.1,1.53,-0.27,True,28.0,14.8,0.0567,0.0735,0.714,0.0621,True,712.0,0.0371,0.029,0.65,1.47,0.91,0.04,0.66,True,0.211,53.3,0.0,19.0,0.84,True,0.216,58.5,0.0,14.0,38.7,False,35.5,23.0,38.6,-6.9,111.7,False,101.1,48.4,94.7,-6.9,,,,,,,tight_contract,,,,,,,,
GVA,1.5,2010-05-07,2011-07-29,2011-08-05,2011.0,65,DOWN,True,False,16.22,25.22,17.55,1.44,0.13,0.19,36.3,0.44,-0.49,False,64.0,-14.5,0.0621,0.0878,0.662,0.0476,False,135.0,0.0138,0.0273,0.22,0.69,1.3,0.05,0.38,True,0.009,41.0,1.0,37.0,0.57,True,0.036,51.4,0.0,32.0,28.1,False,23.0,4.9,20.5,28.1,43.5,False,30.2,8.6,27.7,43.5,24.8,False,6.3,-5.3,1.9,52.8,tight_contract,,,,,,,,
GLW,1.5,2009-11-13,2011-07-29,2011-08-05,2011.0,90,DOWN,True,False,9.83,15.96,10.88,1.47,0.28,0.01,33.7,0.81,-0.05,False,26.0,-10.0,0.0562,0.091,0.667,0.0677,False,135.0,0.0348,0.067,0.62,0.94,0.83,0.01,0.43,False,-0.023,43.7,2.0,40.0,0.68,True,0.125,54.0,1.0,35.0,1.9,False,-3.1,-21.3,-5.7,7.3,-4.3,False,-17.7,-39.3,-20.2,7.3,-19.2,False,-37.7,-49.4,-42.2,7.3,tight_contract,,,,,,,,
NOA,1.5,2023-04-07,2025-03-14,2025-03-21,2025.0,102,DOWN,True,False,15.55,23.97,16.11,1.49,-0.17,0.0,34.8,1.29,-0.02,False,55.0,-3.7,0.061,0.0976,0.608,0.0518,False,846.0,0.0382,0.0684,0.63,0.92,1.18,0.02,0.45,True,0.097,52.8,0.0,13.0,0.49,True,0.027,56.8,0.0,8.0,9.4,False,3.7,-6.4,-0.3,11.9,-15.2,False,-33.5,-55.6,-40.1,11.9,-14.1,False,-30.5,-85.8,-35.8,11.9,tight_contract,,,,,,,,
HPK,1.5,2022-06-17,2023-04-28,2023-05-05,2023.0,46,DOWN,True,False,15.64,28.31,19.14,1.48,-0.01,0.0,40.4,0.69,-0.47,True,14.0,-18.3,0.0669,0.1053,0.565,0.1166,False,257.0,0.0439,0.1141,0.66,0.9,0.57,0.0,0.94,True,0.104,60.2,0.0,11.0,1.0,True,0.012,63.4,0.0,6.0,-10.3,False,-19.0,-34.3,-25.7,0.0,8.8,False,2.7,-11.4,-5.4,10.3,-11.4,False,-37.1,-87.5,-47.2,10.3,tight_contract,,,,,,,,
PCTY,1.5,2023-10-13,2024-11-01,2024-11-08,2024.0,56,UP,True,False,211.16,194.97,131.85,1.48,-0.1,0.95,68.9,0.63,-0.57,False,19.0,10.1,0.0482,0.083,0.786,0.0593,False,555.0,0.0322,0.0407,0.67,0.76,0.81,0.0,0.35,False,-0.088,49.3,0.0,10.0,0.42,False,-0.124,52.6,0.0,5.0,-2.5,False,-3.3,2.6,-4.4,-9.3,-7.8,False,-2.8,5.6,-3.0,-17.2,-32.8,False,-46.3,-67.6,-52.0,-33.1,tight_contract,,,,,,,,
FLG,1.5,2018-03-23,2019-09-06,2019-09-13,2019.0,77,UP,True,False,28.71,27.37,18.73,1.46,0.05,0.96,67.5,0.89,-0.43,True,38.0,6.1,0.0674,0.0869,0.61,0.0255,False,558.0,0.0069,0.0726,0.1,0.78,2.64,0.04,0.51,False,-0.099,49.5,0.0,29.0,0.4,True,0.037,41.6,0.0,24.0,-6.1,False,-12.0,-20.9,-14.0,-9.2,-15.3,False,-5.6,-14.5,-15.6,-15.3,-27.7,False,-40.9,-66.0,-69.3,-33.9,tight_contract,,,,,,,,
UPBD,1.5,2009-01-02,2010-02-12,2010-02-19,2010.0,59,UP,True,False,13.13,12.9,8.67,1.49,0.24,0.95,62.4,0.42,,,55.0,3.3,0.0475,0.0822,0.729,,False,59.0,0.0368,0.0291,0.77,0.81,,0.02,0.51,False,-0.026,45.7,0.0,46.0,0.53,True,0.013,45.3,0.0,41.0,8.0,False,9.4,6.7,7.9,-1.0,-8.7,False,-6.3,-7.4,-9.2,-9.6,48.8,False,25.4,7.3,16.9,-9.6,tight_contract,,,,,,,,
CALY,1.5,2021-01-08,2022-01-14,2022-01-21,2022.0,54,DOWN,True,False,17.69,27.04,18.6,1.45,-0.19,0.05,43.0,0.91,0.03,True,34.0,-6.8,0.0529,0.0878,0.556,0.1246,False,681.0,0.0271,0.0308,0.51,0.86,0.42,0.02,0.28,False,-0.119,50.2,0.0,45.0,0.1,False,-0.096,43.4,0.0,40.0,-6.2,False,-3.8,7.4,1.2,1.0,-9.1,False,-0.0,7.4,4.7,1.0,-4.8,False,3.3,10.6,14.2,1.0,tight_contract,,,,,,,,
CABO,1.5,2024-02-23,2025-01-31,2025-02-07,2025.0,50,DOWN,True,False,278.4,442.33,300.97,1.47,-0.34,0.0,33.7,1.46,-0.79,False,49.0,-7.5,0.0547,0.0843,0.68,0.052,False,504.0,0.0381,0.0708,0.7,0.91,1.05,0.0,0.78,True,0.034,61.1,1.0,21.0,0.21,False,-0.039,46.6,1.0,16.0,-40.7,False,-35.0,-31.9,-34.2,4.9,-52.2,False,-58.9,-72.1,-62.4,4.9,-63.8,False,-80.1,-128.3,-81.0,4.9,tight_contract,,,,,,,,
IBOC,1.5,2020-12-25,2023-12-15,2023-12-22,2023.0,156,UP,True,False,49.31,47.94,32.29,1.48,0.37,0.99,63.7,0.81,-0.11,True,155.0,3.1,0.0586,0.082,0.769,0.1101,False,781.0,0.0339,0.0492,0.58,1.21,0.53,0.02,0.47,True,0.017,43.3,3.0,146.0,0.54,True,0.059,45.9,3.0,141.0,5.0,False,-5.3,-26.3,-4.5,-1.8,5.9,False,-9.8,-46.9,-11.9,-1.8,25.2,False,-1.2,-14.9,-2.4,-1.8,tight_contract,,,,,,,,
CXM,1.5,2024-07-12,2026-01-23,2026-01-30,2026.0,81,DOWN,True,False,6.38,9.87,6.62,1.49,-0.33,0.04,38.4,1.03,-0.59,False,79.0,-5.3,0.0658,0.0841,0.753,0.0664,True,240.0,0.0339,0.0404,0.52,0.81,0.99,0.0,0.05,False,-0.11,39.9,1.0,32.0,0.25,False,-0.046,45.5,1.0,27.0,-18.7,False,-23.1,-45.0,-27.2,0.0,-0.3,False,-8.8,-34.3,-11.2,0.0,,,,,,,tight_contract,,,,,,,,
PZZA,1.5,2016-05-13,2017-11-10,2017-11-17,2017.0,79,DOWN,True,False,46.96,72.01,48.63,1.48,0.09,0.0,25.8,1.41,-0.21,False,48.0,-3.4,0.0495,0.0912,0.684,0.0475,False,463.0,0.0333,0.0356,0.67,1.2,1.04,0.0,0.44,False,-0.056,42.5,1.0,69.0,0.65,False,-0.032,52.3,1.0,64.0,0.1,False,-6.4,-0.9,-7.3,13.7,-10.8,False,-17.0,-13.5,-20.0,13.7,4.3,False,-3.8,11.7,-5.3,13.7,tight_contract,,,,,,,,
LSPD,1.5,2022-11-04,2023-12-15,2023-12-22,2023.0,59,UP,True,False,20.12,18.36,12.38,1.48,0.04,0.93,61.1,0.62,-0.9,False,8.0,12.2,0.0684,0.0924,0.678,0.1099,False,227.0,0.0451,0.0979,0.66,1.15,0.62,0.0,0.12,True,0.0,40.7,0.0,21.0,0.46,True,0.144,47.6,0.0,16.0,-33.8,False,-44.2,-65.2,-43.4,-36.4,-31.8,False,-47.5,-84.7,-49.6,-36.4,-20.1,False,-46.5,-60.2,-47.7,-40.8,tight_contract,,,,,,,,
HAFC,1.5,2021-09-17,2023-04-21,2023-04-28,2023.0,84,DOWN,True,False,13.56,22.28,14.9,1.5,0.13,0.04,28.4,1.05,-0.12,True,21.0,-10.8,0.0651,0.0993,0.548,0.0529,False,747.0,0.0308,0.1175,0.47,1.06,1.23,0.02,0.71,False,-0.017,48.2,1.0,75.0,0.74,True,0.035,48.8,2.0,70.0,20.1,False,9.8,-9.7,1.0,20.1,-9.3,False,-8.8,-21.2,-16.7,21.9,4.2,False,-19.8,-72.9,-30.3,27.7,tight_contract,,,,,,,,
MATV,1.5,2015-04-17,2016-11-18,2016-11-25,2016.0,84,UP,True,False,26.97,26.76,17.94,1.49,-0.06,0.97,67.2,1.66,-0.49,True,38.0,1.9,0.0644,0.0929,0.667,0.0304,False,412.0,0.0177,0.0204,0.27,0.83,2.12,0.0,0.73,True,0.139,60.4,1.0,29.0,0.61,True,0.144,58.7,0.0,24.0,-2.5,False,-10.0,-10.3,-12.4,-2.6,-9.7,False,-19.9,-29.8,-29.1,-10.2,6.3,False,-13.6,-42.4,-26.5,-12.2,tight_contract,,,,,,,,
OHI,1.5,2020-03-27,2020-11-06,2020-11-13,2020.0,33,UP,True,False,22.57,20.98,14.4,1.46,0.37,0.65,46.5,0.21,-0.46,True,32.0,20.9,0.0387,0.0785,0.576,0.0575,False,619.0,0.0221,0.018,0.57,0.7,0.67,0.0,0.87,True,0.101,52.0,0.0,23.0,0.97,False,-0.023,53.8,0.0,18.0,8.0,False,-2.1,-22.7,-7.9,-2.6,5.1,False,-12.1,-14.7,-7.5,-2.6,-12.2,False,-44.5,-66.7,-48.6,-12.3,tight_contract,,,,,,,,
BOOM,1.5,2011-10-07,2012-05-25,2012-06-01,2012.0,34,DOWN,True,False,15.07,22.75,16.3,1.4,-0.3,0.0,38.4,0.35,-0.4,False,15.0,-7.6,0.0599,0.0892,0.618,0.07,True,178.0,0.0325,0.0673,0.54,0.93,0.86,0.03,0.51,True,0.058,48.7,0.0,25.0,0.88,True,0.112,56.1,0.0,20.0,0.7,False,-10.0,-10.5,-12.4,14.1,-12.6,False,-24.7,-21.2,-22.1,14.1,1.1,False,-29.3,-31.6,-21.8,14.1,tight_contract,,,,,,,,
SYF-P-B,1.5,2024-03-01,,,,133,,,,,26.5,23.45,1.13,0.21,,,,,True,,,0.0128,0.0199,0.466,,False,,0.0062,0.0058,0.48,0.59,,0.1,,,,,,,,,,,,,,,,,,,,,,,,,,,,,,,live_tight,2026-09-11,26.11,0.87,True,0.003,55.8,3.0,74.0
AQST,1.5,2026-02-06,,,,32,,,,,5.34,3.65,1.46,0.38,,,,-0.48,True,,,0.0303,0.0883,0.562,0.1214,False,,0.1235,0.0965,4.08,1.27,0.25,0.03,,,,,,,,,,,,,,,,,,,,,,,,,,,,,,,live_tight,2026-09-11,4.99,0.79,True,0.066,58.4,0.0,30.0
WBD,1.5,2025-10-24,,,,47,,,,,29.98,21.15,1.42,0.26,,,,0.08,True,,,0.0321,0.0681,0.574,0.1005,False,,0.0201,0.0217,0.63,0.87,0.32,0.04,,,,,,,,,,,,,,,,,,,,,,,,,,,,,,,live_tight,2026-09-11,28.2,0.8,True,0.004,60.2,0.0,46.0
CNH,1.5,2026-01-09,,,,36,,,,,14.4,9.85,1.46,0.13,,,,-0.27,True,,,0.0326,0.0912,0.278,0.0426,False,,0.0648,0.0422,1.99,1.1,0.77,0.0,,,,,,,,,,,,,,,,,,,,,,,,,,,,,,,live_tight,2026-09-11,13.5,0.8,True,0.082,62.7,1.0,25.0
VEON,1.5,2025-11-14,,,,44,,,,,69.16,46.47,1.49,0.29,,,,-0.21,True,,,0.0332,0.0761,0.545,0.071,False,,0.0734,0.043,2.21,1.14,0.47,0.05,,,,,,,,,,,,,,,,,,,,,,,,,,,,,,,live_tight,2026-09-11,69.16,1.0,True,0.088,74.9,1.0,24.0
ARTNA,1.5,2023-09-22,,,,156,,,,,39.66,27.8,1.43,-0.28,,,,-0.49,False,,,0.0356,0.0725,0.776,0.0388,False,,0.0156,0.0241,0.44,0.97,0.92,0.01,,,,,,,,,,,,,,,,,,,,,,,,,,,,,,,live_tight,2026-09-11,35.9,0.68,True,0.089,66.7,5.0,87.0
MET,1.5,2024-07-12,,,,114,,,,,97.77,66.15,1.48,0.38,,,,-0.05,True,,,0.0364,0.0896,0.711,0.0256,False,,0.011,0.0345,0.3,1.19,1.42,0.02,,,,,,,,,,,,,,,,,,,,,,,,,,,,,,,live_tight,2026-09-11,96.78,0.97,True,0.21,67.3,1.0,110.0
ETD,1.5,2025-09-12,,,,53,,,,,23.72,16.11,1.47,-0.32,,,,-0.36,True,,,0.0373,0.0877,0.717,0.0389,False,,0.0305,0.0478,0.82,1.38,0.96,0.0,,,,,,,,,,,,,,,,,,,,,,,,,,,,,,,live_tight,2026-09-11,21.85,0.75,True,0.108,64.1,0.0,17.0
ABUS,1.5,2025-08-22,,,,56,,,,,5.21,3.59,1.45,0.34,,,,-0.21,True,,,0.0385,0.0729,0.839,0.0513,False,,0.0544,0.0428,1.41,1.71,0.75,0.02,,,,,,,,,,,,,,,,,,,,,,,,,,,,,,,live_tight,2026-09-11,5.12,0.94,True,0.098,60.8,1.0,55.0
STRF,1.5,2025-03-21,,,,78,,,,,111.09,76.4,1.45,0.19,,,,,,,,0.0402,0.0773,0.731,,False,,0.0287,0.014,0.71,0.45,,0.01,,,,,,,,,,,,,,,,,,,,,,,,,,,,,,,live_tight,2026-09-11,103.85,0.79,True,0.01,61.7,2.0,74.0
NWSA,1.5,2023-11-24,,,,147,,,,,30.87,21.46,1.44,0.22,,,,-0.01,True,,,0.0421,0.0729,0.748,0.0388,False,,0.0363,0.0587,0.86,1.25,1.09,0.03,,,,,,,,,,,,,,,,,,,,,,,,,,,,,,,live_tight,2026-09-11,29.38,0.84,True,0.099,59.6,2.0,144.0
PAM,1.5,2025-09-26,,,,51,,,,,90.67,60.8,1.49,0.24,,,,-0.36,True,,,0.0424,0.0896,0.431,0.055,False,,0.043,0.0296,1.01,0.81,0.77,0.0,,,,,,,,,,,,,,,,,,,,,,,,,,,,,,,live_tight,2026-09-11,88.45,0.93,True,0.002,57.5,1.0,49.0
NMIH,1.5,2024-04-26,,,,125,,,,,45.71,31.11,1.47,0.36,,,,-0.04,True,,,0.045,0.0768,0.792,0.0306,False,,0.0096,0.0267,0.21,1.08,1.47,0.02,,,,,,,,,,,,,,,,,,,,,,,,,,,,,,,live_tight,2026-09-11,44.19,0.9,True,0.139,62.1,1.0,124.0
GDOT,1.5,2025-08-15,,,,57,,,,,14.5,10.53,1.38,0.02,,,,-0.33,True,,,0.0455,0.0684,0.807,0.0716,False,,0.0064,0.0045,0.14,0.64,0.64,0.09,,,,,,,,,,,,,,,,,,,,,,,,,,,,,,,live_tight,2026-09-11,13.27,0.69,True,0.09,57.2,1.0,26.0
TRMD,1.5,2026-03-20,,,,26,,,,,34.6,23.41,1.48,0.39,,,,-0.17,True,,,0.0471,0.0853,0.731,0.0609,False,,0.0409,0.0542,0.87,0.72,0.77,0.04,,,,,,,,,,,,,,,,,,,,,,,,,,,,,,,live_tight,2026-09-11,34.6,1.0,True,0.044,71.1,0.0,25.0
SOLV,1.5,2024-08-23,,,,108,,,,,91.69,61.4,1.49,0.39,,,,-0.12,True,,,0.0478,0.0844,0.704,0.0458,False,,0.0322,0.0599,0.67,1.1,1.04,0.04,,,,,,,,,,,,,,,,,,,,,,,,,,,,,,,live_tight,2026-09-11,87.65,0.87,True,0.177,59.2,0.0,107.0
BANR,1.5,2024-07-19,,,,113,,,,,74.01,50.4,1.47,0.32,,,,-0.22,True,,,0.0485,0.0759,0.77,0.0407,False,,0.0057,0.0092,0.12,1.6,1.19,0.03,,,,,,,,,,,,,,,,,,,,,,,,,,,,,,,live_tight,2026-09-11,70.82,0.86,True,0.102,59.7,2.0,109.0
RJF,1.5,2024-10-04,,,,102,,,,,180.81,121.59,1.49,0.32,,,,-0.02,True,,,0.049,0.0797,0.725,0.0316,False,,0.0135,0.0298,0.28,1.09,1.55,0.0,,,,,,,,,,,,,,,,,,,,,,,,,,,,,,,live_tight,2026-09-11,173.53,0.88,True,0.143,58.4,1.0,75.0
MTAL,1.5,2025-04-11,,,,49,,,,,12.41,8.37,1.48,-0.19,,,,-0.44,False,,,0.0588,0.1048,0.531,0.0682,False,,0.0015,0.002,0.03,0.1,0.86,0.29,,,,,,,,,,,,,,,,,,,,,,,,,,,,,,,live_vcp,2026-09-11,10.2,0.45,False,-0.051,38.1,1.0,48.0
NRDS,1.5,2026-02-06,,,,32,,,,,11.16,7.77,1.44,-0.35,,,,-0.54,False,,,0.0654,0.093,0.562,0.0717,False,,0.0046,0.0433,0.07,0.77,0.91,0.03,,,,,,,,,,,,,,,,,,,,,,,,,,,,,,,live_vcp,2026-09-11,9.32,0.46,False,-0.014,45.6,0.0,17.0
UPS,1.5,2025-01-31,,,,85,,,,,115.87,77.76,1.49,0.37,,,,-0.52,False,,,0.0707,0.102,0.682,0.0336,False,,0.0056,0.0205,0.08,0.81,2.1,0.02,,,,,,,,,,,,,,,,,,,,,,,,,,,,,,,live_vcp,2026-09-11,99.97,0.58,True,0.059,45.8,1.0,48.0
NFG,1.5,2025-01-17,,,,87,,,,,95.08,65.72,1.45,0.33,,,,0.07,True,,,0.0419,0.0744,0.793,0.0227,False,,0.0035,0.0128,0.08,0.79,1.85,0.01,,,,,,,,,,,,,,,,,,,,,,,,,,,,,,,live_vcp,2026-09-11,82.33,0.57,False,-0.044,50.7,0.0,86.0
BALL,1.5,2023-11-03,,,,150,,,,,67.73,46.35,1.46,-0.07,,,,-0.49,True,,,0.0894,0.1026,0.533,0.0451,True,,0.0076,0.0154,0.09,0.89,1.98,0.01,,,,,,,,,,,,,,,,,,,,,,,,,,,,,,,live_vcp,2026-09-11,59.74,0.63,True,0.07,48.6,1.0,45.0
DEI,1.5,2025-10-10,,,,49,,,,,13.05,8.85,1.47,0.1,,,,-0.51,False,,,0.0666,0.0943,0.612,0.0506,False,,0.0068,0.0203,0.1,0.73,1.32,0.02,,,,,,,,,,,,,,,,,,,,,,,,,,,,,,,live_vcp,2026-09-11,10.67,0.43,True,0.107,41.4,0.0,24.0
TLK,1.5,2025-05-16,,,,70,,,,,20.72,13.89,1.49,-0.25,,,,-0.37,False,,,0.1067,0.1179,0.357,0.0445,False,,0.0111,0.0164,0.1,0.79,2.4,0.03,,,,,,,,,,,,,,,,,,,,,,,,,,,,,,,live_vcp,2026-09-11,14.99,0.16,False,-0.08,45.3,0.0,10.0
CHRW,1.5,2025-10-31,,,,46,,,,,207.6,141.02,1.47,0.08,,,,0.05,True,,,0.078,0.0953,0.587,0.0418,False,,0.0089,0.0748,0.11,0.73,1.87,0.02,,,,,,,,,,,,,,,,,,,,,,,,,,,,,,,live_vcp,2026-09-11,152.42,0.17,False,-0.036,44.2,0.0,3.0
OPCH,1.5,2026-03-20,,,,26,,,,,29.0,19.52,1.49,-0.38,,,,-0.46,False,,,0.0715,0.1242,0.346,0.0427,True,,0.0076,0.0452,0.11,0.85,1.67,0.0,,,,,,,,,,,,,,,,,,,,,,,,,,,,,,,live_vcp,2026-09-11,23.63,0.43,False,-0.049,46.2,0.0,17.0
CWCO,1.5,2025-05-16,,,,70,,,,,37.54,25.93,1.45,0.04,,,,-0.26,True,,,0.0869,0.097,0.629,0.0395,False,,0.0094,0.0061,0.11,0.85,2.2,0.0,,,,,,,,,,,,,,,,,,,,,,,,,,,,,,,live_vcp,2026-09-11,28.04,0.18,False,-0.064,38.5,1.0,69.0
TCPC,1.5,2026-01-30,,,,33,,,,,4.7,3.16,1.49,-0.17,,,,-0.6,False,,,0.0986,0.1086,0.515,0.0395,False,,0.0123,0.0733,0.12,0.73,2.5,0.0,,,,,,,,,,,,,,,,,,,,,,,,,,,,,,,live_vcp,2026-09-11,4.01,0.55,False,-0.017,52.9,0.0,7.0
RWAY,1.5,2026-02-13,,,,31,,,,,7.45,5.05,1.48,-0.26,,,,-0.45,False,,,0.0823,0.1005,0.71,0.0331,False,,0.0099,0.0586,0.12,0.72,2.49,0.03,,,,,,,,,,,,,,,,,,,,,,,,,,,,,,,live_vcp,2026-09-11,6.51,0.61,False,-0.031,54.4,0.0,11.0
LMND,1.5,2026-02-13,,,,31,,,,,71.52,48.31,1.48,-0.2,,,,-0.48,True,,,0.0657,0.1074,0.548,0.1026,False,,0.0083,0.0955,0.13,0.57,0.64,0.06,,,,,,,,,,,,,,,,,,,,,,,,,,,,,,,live_vcp,2026-09-11,49.61,0.06,False,-0.018,42.4,0.0,6.0
TBBK,1.5,2025-10-31,,,,46,,,,,69.85,50.3,1.39,-0.09,,,,-0.36,True,,,0.0823,0.097,0.413,0.0551,False,,0.0111,0.0229,0.13,0.84,1.49,0.02,,,,,,,,,,,,,,,,,,,,,,,,,,,,,,,live_vcp,2026-09-11,50.3,0.0,True,0.151,34.7,0.0,0.0
DEA,1.5,2024-11-29,,,,94,,,,,25.8,17.37,1.49,0.2,,,,-0.41,True,,,0.0695,0.0867,0.723,0.0329,False,,0.0098,0.0114,0.14,0.84,2.11,0.04,,,,,,,,,,,,,,,,,,,,,,,,,,,,,,,live_vcp,2026-09-11,23.91,0.78,True,0.086,52.9,4.0,74.0
GDOT,1.5,2025-08-15,,,,57,,,,,14.5,10.53,1.38,0.02,,,,-0.33,True,,,0.0455,0.0684,0.807,0.0716,False,,0.0064,0.0045,0.14,0.64,0.64,0.09,,,,,,,,,,,,,,,,,,,,,,,,,,,,,,,live_vcp,2026-09-11,13.27,0.69,True,0.09,57.2,1.0,26.0
FCNCA,1.5,2024-04-26,,,,125,,,,,2334.33,1561.5,1.49,0.27,,,,-0.04,True,,,0.0699,0.0872,0.696,0.042,False,,0.0098,0.0209,0.14,0.69,1.66,0.02,,,,,,,,,,,,,,,,,,,,,,,,,,,,,,,live_vcp,2026-09-11,2165.43,0.78,True,0.099,56.3,2.0,75.0
BKE,1.5,2025-05-16,,,,70,,,,,55.81,37.58,1.49,-0.01,,,,-0.17,True,,,0.0792,0.1026,0.514,0.0412,False,,0.011,0.0158,0.14,0.84,1.92,0.01,,,,,,,,,,,,,,,,,,,,,,,,,,,,,,,live_vcp,2026-09-11,40.29,0.15,False,-0.135,34.1,1.0,68.0
